timestamp,src_ip,dst_ip,src_port,dst_port,flags,flag_type,length
1257630943691896,1.23.177.16,172.28.4.7,60910,80,2,SYN,60
1257630943691920,1.23.177.16,172.28.4.7,57769,80,2,SYN,60
1257630943692059,172.28.4.7,1.23.177.16,80,60910,18,SYN+ACK,60
1257630943692062,172.28.4.7,1.23.177.16,80,57769,18,SYN+ACK,60
1257630943692410,1.23.177.16,172.28.4.7,60910,80,16,ACK,60
1257630943692439,1.23.177.16,172.28.4.7,57769,80,16,ACK,60
1257630943692554,172.28.4.7,1.23.177.16,80,60910,16,ACK,60
1257630943692585,172.28.4.7,1.23.177.16,80,57769,16,ACK,60
1257630944651844,5.180.127.39,172.28.4.7,22488,80,2,SYN,60
1257630944651847,5.180.127.39,172.28.4.7,52429,80,2,SYN,60
1257630944652028,172.28.4.7,5.180.127.39,80,22488,18,SYN+ACK,60
1257630944652031,172.28.4.7,5.180.127.39,80,52429,18,SYN+ACK,60
1257630944652373,5.180.127.39,172.28.4.7,22488,80,16,ACK,60
1257630944652396,5.180.127.39,172.28.4.7,52429,80,16,ACK,60
1257630944652518,172.28.4.7,5.180.127.39,80,22488,16,ACK,60
1257630944652541,172.28.4.7,5.180.127.39,80,52429,16,ACK,60
1257630945651927,9.248.204.55,172.28.4.7,14048,80,2,SYN,60
1257630945651945,9.248.204.55,172.28.4.7,47404,80,2,SYN,60
1257630945652090,172.28.4.7,9.248.204.55,80,14048,18,SYN+ACK,60
1257630945652113,172.28.4.7,9.248.204.55,80,47404,18,SYN+ACK,60
1257630946671871,11.6.70.13,172.28.4.7,5420,80,2,SYN,60
1257630946671929,11.6.70.13,172.28.4.7,42041,80,2,SYN,60
1257630946672033,172.28.4.7,11.6.70.13,80,5420,18,SYN+ACK,60
1257630946672075,172.28.4.7,11.6.70.13,80,42041,18,SYN+ACK,60
1257630946689830,172.28.4.7,1.23.177.16,80,60910,18,SYN+ACK,60
1257630946690175,1.23.177.16,172.28.4.7,60910,80,16,ACK,60
1257630946690311,172.28.4.7,1.23.177.16,80,60910,16,ACK,60
1257630947681897,15.231.243.19,172.28.4.7,26925,80,2,SYN,60
1257630947681945,15.231.243.19,172.28.4.7,6774,80,2,SYN,60
1257630947682056,172.28.4.7,15.231.243.19,80,26925,18,SYN+ACK,60
1257630947682090,172.28.4.7,15.231.243.19,80,6774,18,SYN+ACK,60
1257630947689352,172.28.4.7,1.23.177.16,80,57769,18,SYN+ACK,60
1257630947689751,1.23.177.16,172.28.4.7,57769,80,16,ACK,60
1257630947689886,172.28.4.7,1.23.177.16,80,57769,16,ACK,60
1257630947692080,1.23.177.16,172.28.4.7,39276,80,2,SYN,60
1257630947692215,172.28.4.7,1.23.177.16,80,39276,18,SYN+ACK,60
1257630947692544,1.23.177.16,172.28.4.7,39276,80,16,ACK,60
1257630947692678,172.28.4.7,1.23.177.16,80,39276,16,ACK,60
1257630947892376,172.28.4.7,5.180.127.39,80,22488,18,SYN+ACK,60
1257630947892699,5.180.127.39,172.28.4.7,22488,80,16,ACK,60
1257630947892833,172.28.4.7,5.180.127.39,80,22488,16,ACK,60
1257630948651990,5.180.127.39,172.28.4.7,27495,80,2,SYN,60
1257630948652125,172.28.4.7,5.180.127.39,80,27495,18,SYN+ACK,60
1257630948652459,5.180.127.39,172.28.4.7,27495,80,16,ACK,60
1257630948652594,172.28.4.7,5.180.127.39,80,27495,16,ACK,60
1257630948661984,16.5.197.28,172.28.4.7,48488,80,2,SYN,60
1257630948662006,16.5.197.28,172.28.4.7,1586,80,2,SYN,60
1257630948662144,172.28.4.7,16.5.197.28,80,48488,18,SYN+ACK,60
1257630948662166,172.28.4.7,16.5.197.28,80,1586,18,SYN+ACK,60
1257630949652096,9.248.204.55,172.28.4.7,45684,80,2,SYN,60
1257630949652231,172.28.4.7,9.248.204.55,80,45684,18,SYN+ACK,60
1257630949661982,16.16.174.14,172.28.4.7,10086,80,2,SYN,60
1257630949662022,16.16.174.14,172.28.4.7,56628,80,2,SYN,60
1257630949662142,172.28.4.7,16.16.174.14,80,10086,18,SYN+ACK,60
1257630949662171,172.28.4.7,16.16.174.14,80,56628,18,SYN+ACK,60
1257630949662525,16.16.174.14,172.28.4.7,10086,80,16,ACK,60
1257630949662551,16.16.174.14,172.28.4.7,56628,80,16,ACK,60
1257630949662671,172.28.4.7,16.16.174.14,80,10086,16,ACK,60
1257630949662699,172.28.4.7,16.16.174.14,80,56628,16,ACK,60
1257630950662016,20.18.5.11,172.28.4.7,1648,80,2,SYN,60
1257630950662048,20.18.5.11,172.28.4.7,21424,80,2,SYN,60
1257630950662179,172.28.4.7,20.18.5.11,80,1648,18,SYN+ACK,60
1257630950662193,172.28.4.7,20.18.5.11,80,21424,18,SYN+ACK,60
1257630950662538,20.18.5.11,172.28.4.7,1648,80,16,ACK,60
1257630950662568,20.18.5.11,172.28.4.7,21424,80,16,ACK,60
1257630950662680,172.28.4.7,20.18.5.11,80,1648,16,ACK,60
1257630950662712,172.28.4.7,20.18.5.11,80,21424,16,ACK,60
1257630950672103,11.6.70.13,172.28.4.7,33741,80,2,SYN,60
1257630950672237,172.28.4.7,11.6.70.13,80,33741,18,SYN+ACK,60
1257630950691045,172.28.4.7,1.23.177.16,80,39276,18,SYN+ACK,60
1257630950691390,1.23.177.16,172.28.4.7,39276,80,16,ACK,60
1257630950691526,172.28.4.7,1.23.177.16,80,39276,16,ACK,60
1257630951682065,20.21.128.24,172.28.4.7,23134,80,2,SYN,60
1257630951682174,20.21.128.24,172.28.4.7,46212,80,2,SYN,60
1257630951682208,172.28.4.7,20.21.128.24,80,23134,18,SYN+ACK,60
1257630951682252,15.231.243.19,172.28.4.7,51804,80,2,SYN,60
1257630951682310,172.28.4.7,20.21.128.24,80,46212,18,SYN+ACK,60
1257630951682385,172.28.4.7,15.231.243.19,80,51804,18,SYN+ACK,60
1257630951682575,20.21.128.24,172.28.4.7,23134,80,16,ACK,60
1257630951682621,20.21.128.24,172.28.4.7,46212,80,16,ACK,60
1257630951682719,172.28.4.7,20.21.128.24,80,23134,16,ACK,60
1257630951682762,172.28.4.7,20.21.128.24,80,46212,16,ACK,60
1257630951692241,1.23.177.16,172.28.4.7,1445,80,2,SYN,60
1257630951692375,172.28.4.7,1.23.177.16,80,1445,18,SYN+ACK,60
1257630951692697,1.23.177.16,172.28.4.7,1445,80,16,ACK,60
1257630951692833,172.28.4.7,1.23.177.16,80,1445,16,ACK,60
1257630951890473,172.28.4.7,5.180.127.39,80,27495,18,SYN+ACK,60
1257630951890805,5.180.127.39,172.28.4.7,27495,80,16,ACK,60
1257630951890941,172.28.4.7,5.180.127.39,80,27495,16,ACK,60
1257630952652181,5.180.127.39,172.28.4.7,50756,80,2,SYN,60
1257630952652315,172.28.4.7,5.180.127.39,80,50756,18,SYN+ACK,60
1257630952652670,5.180.127.39,172.28.4.7,50756,80,16,ACK,60
1257630952652804,172.28.4.7,5.180.127.39,80,50756,16,ACK,60
1257630952662162,16.5.197.28,172.28.4.7,40054,80,2,SYN,60
1257630952662297,172.28.4.7,16.5.197.28,80,40054,18,SYN+ACK,60
1257630952672082,20.38.7.15,172.28.4.7,14788,80,2,SYN,60
1257630952672127,20.38.7.15,172.28.4.7,41124,80,2,SYN,60
1257630952672250,172.28.4.7,20.38.7.15,80,14788,18,SYN+ACK,60
1257630952672274,172.28.4.7,20.38.7.15,80,41124,18,SYN+ACK,60
1257630953652259,9.248.204.55,172.28.4.7,10017,80,2,SYN,60
1257630953652417,172.28.4.7,9.248.204.55,80,10017,18,SYN+ACK,60
1257630953662217,16.16.174.14,172.28.4.7,58443,80,2,SYN,60
1257630953662350,172.28.4.7,16.16.174.14,80,58443,18,SYN+ACK,60
1257630953662676,16.16.174.14,172.28.4.7,58443,80,16,ACK,60
1257630953662810,172.28.4.7,16.16.174.14,80,58443,16,ACK,60
1257630953689616,172.28.4.7,1.23.177.16,80,57769,18,SYN+ACK,60
1257630953689619,172.28.4.7,16.16.174.14,80,10086,18,SYN+ACK,60
1257630953690005,16.16.174.14,172.28.4.7,10086,80,16,ACK,60
1257630953690007,1.23.177.16,172.28.4.7,57769,80,16,ACK,60
1257630953690147,172.28.4.7,16.16.174.14,80,10086,16,ACK,60
1257630953690150,172.28.4.7,1.23.177.16,80,57769,16,ACK,60
1257630953889518,172.28.4.7,5.180.127.39,80,22488,18,SYN+ACK,60
1257630953889875,5.180.127.39,172.28.4.7,22488,80,16,ACK,60
1257630953890008,172.28.4.7,5.180.127.39,80,22488,16,ACK,60
1257630954488303,172.28.4.7,20.18.5.11,80,1648,18,SYN+ACK,60
1257630954488638,20.18.5.11,172.28.4.7,1648,80,16,ACK,60
1257630954488773,172.28.4.7,20.18.5.11,80,1648,16,ACK,60
1257630954662218,20.18.5.11,172.28.4.7,46672,80,2,SYN,60
1257630954662353,172.28.4.7,20.18.5.11,80,46672,18,SYN+ACK,60
1257630954662671,20.18.5.11,172.28.4.7,46672,80,16,ACK,60
1257630954662806,172.28.4.7,20.18.5.11,80,46672,16,ACK,60
1257630954672268,11.6.70.13,172.28.4.7,29073,80,2,SYN,60
1257630954672402,172.28.4.7,11.6.70.13,80,29073,18,SYN+ACK,60
1257630954689136,172.28.4.7,20.21.128.24,80,46212,18,SYN+ACK,60
1257630954689562,20.21.128.24,172.28.4.7,46212,80,16,ACK,60
1257630954689719,172.28.4.7,20.21.128.24,80,46212,16,ACK,60
1257630955088945,172.28.4.7,20.21.128.24,80,23134,18,SYN+ACK,60
1257630955089266,20.21.128.24,172.28.4.7,23134,80,16,ACK,60
1257630955089400,172.28.4.7,20.21.128.24,80,23134,16,ACK,60
1257630955682414,15.231.243.19,172.28.4.7,18277,80,2,SYN,60
1257630955682464,20.21.128.24,172.28.4.7,34779,80,2,SYN,60
1257630955682558,172.28.4.7,15.231.243.19,80,18277,18,SYN+ACK,60
1257630955682611,172.28.4.7,20.21.128.24,80,34779,18,SYN+ACK,60
1257630955682923,20.21.128.24,172.28.4.7,34779,80,16,ACK,60
1257630955683057,172.28.4.7,20.21.128.24,80,34779,16,ACK,60
1257630955685533,172.28.4.7,1.23.177.16,80,1445,18,SYN+ACK,60
1257630955685536,172.28.4.7,5.180.127.39,80,50756,18,SYN+ACK,60
1257630955685871,1.23.177.16,172.28.4.7,1445,80,16,ACK,60
1257630955686004,172.28.4.7,1.23.177.16,80,1445,16,ACK,60
1257630955686029,5.180.127.39,172.28.4.7,50756,80,16,ACK,60
1257630955686163,172.28.4.7,5.180.127.39,80,50756,16,ACK,60
1257630955692398,1.23.177.16,172.28.4.7,5459,80,2,SYN,60
1257630955692532,172.28.4.7,1.23.177.16,80,5459,18,SYN+ACK,60
1257630955692873,1.23.177.16,172.28.4.7,5459,80,16,ACK,60
1257630955693007,172.28.4.7,1.23.177.16,80,5459,16,ACK,60
1257630956285254,172.28.4.7,20.38.7.15,80,41124,18,SYN+ACK,60
1257630956652347,5.180.127.39,172.28.4.7,1358,80,2,SYN,60
1257630956652483,172.28.4.7,5.180.127.39,80,1358,18,SYN+ACK,60
1257630956652831,5.180.127.39,172.28.4.7,1358,80,16,ACK,60
1257630956652966,172.28.4.7,5.180.127.39,80,1358,16,ACK,60
1257630956662332,16.5.197.28,172.28.4.7,7561,80,2,SYN,60
1257630956662475,172.28.4.7,16.5.197.28,80,7561,18,SYN+ACK,60
1257630956672301,20.38.7.15,172.28.4.7,52965,80,2,SYN,60
1257630956672446,172.28.4.7,20.38.7.15,80,52965,18,SYN+ACK,60
1257630957652420,9.248.204.55,172.28.4.7,27627,80,2,SYN,60
1257630957652555,172.28.4.7,9.248.204.55,80,27627,18,SYN+ACK,60
1257630957662372,16.16.174.14,172.28.4.7,56879,80,2,SYN,60
1257630957662509,172.28.4.7,16.16.174.14,80,56879,18,SYN+ACK,60
1257630957662823,16.16.174.14,172.28.4.7,56879,80,16,ACK,60
1257630957662957,172.28.4.7,16.16.174.14,80,56879,16,ACK,60
1257630957884495,172.28.4.7,5.180.127.39,80,27495,18,SYN+ACK,60
1257630957884498,172.28.4.7,16.16.174.14,80,58443,18,SYN+ACK,60
1257630957884846,5.180.127.39,172.28.4.7,27495,80,16,ACK,60
1257630957884900,16.16.174.14,172.28.4.7,58443,80,16,ACK,60
1257630957884991,172.28.4.7,5.180.127.39,80,27495,16,ACK,60
1257630957885044,172.28.4.7,16.16.174.14,80,58443,16,ACK,60
1257630958662377,20.18.5.11,172.28.4.7,46161,80,2,SYN,60
1257630958662511,172.28.4.7,20.18.5.11,80,46161,18,SYN+ACK,60
1257630958662820,20.18.5.11,172.28.4.7,46161,80,16,ACK,60
1257630958662954,172.28.4.7,20.18.5.11,80,46161,16,ACK,60
1257630958672451,11.6.70.13,172.28.4.7,53489,80,2,SYN,60
1257630958672585,172.28.4.7,11.6.70.13,80,53489,18,SYN+ACK,60
1257630958684978,172.28.4.7,15.231.243.19,80,18277,18,SYN+ACK,60
1257630958684979,172.28.4.7,20.18.5.11,80,46672,18,SYN+ACK,60
1257630958685310,20.18.5.11,172.28.4.7,46672,80,16,ACK,60
1257630958685464,172.28.4.7,20.18.5.11,80,46672,16,ACK,60
1257630958887142,172.28.4.7,1.23.177.16,80,5459,18,SYN+ACK,60
1257630958887488,1.23.177.16,172.28.4.7,5459,80,16,ACK,60
1257630958887624,172.28.4.7,1.23.177.16,80,5459,16,ACK,60
1257630959682577,15.231.243.19,172.28.4.7,49478,80,2,SYN,60
1257630959682663,20.21.128.24,172.28.4.7,5342,80,2,SYN,60
1257630959682713,172.28.4.7,15.231.243.19,80,49478,18,SYN+ACK,60
1257630959682799,172.28.4.7,20.21.128.24,80,5342,18,SYN+ACK,60
1257630959683107,20.21.128.24,172.28.4.7,5342,80,16,ACK,60
1257630959683241,172.28.4.7,20.21.128.24,80,5342,16,ACK,60
1257630959692563,1.23.177.16,172.28.4.7,43355,80,2,SYN,60
1257630959692697,172.28.4.7,1.23.177.16,80,43355,18,SYN+ACK,60
1257630959693029,1.23.177.16,172.28.4.7,43355,80,16,ACK,60
1257630959693164,172.28.4.7,1.23.177.16,80,43355,16,ACK,60
1257630959886665,172.28.4.7,16.16.174.14,80,10086,18,SYN+ACK,60
1257630959886669,172.28.4.7,20.21.128.24,80,34779,18,SYN+ACK,60
1257630959886670,172.28.4.7,5.180.127.39,80,1358,18,SYN+ACK,60
1257630959887073,20.21.128.24,172.28.4.7,34779,80,16,ACK,60
1257630959887195,5.180.127.39,172.28.4.7,1358,80,16,ACK,60
1257630959887198,16.16.174.14,172.28.4.7,10086,80,16,ACK,60
1257630959887209,172.28.4.7,20.21.128.24,80,34779,16,ACK,60
1257630959887336,172.28.4.7,5.180.127.39,80,1358,16,ACK,60
1257630959887339,172.28.4.7,16.16.174.14,80,10086,16,ACK,60
1257630960486377,172.28.4.7,20.18.5.11,80,1648,18,SYN+ACK,60
1257630960486706,20.18.5.11,172.28.4.7,1648,80,16,ACK,60
1257630960486841,172.28.4.7,20.18.5.11,80,1648,16,ACK,60
1257630960652509,5.180.127.39,172.28.4.7,26654,80,2,SYN,60
1257630960652644,172.28.4.7,5.180.127.39,80,26654,18,SYN+ACK,60
1257630960652987,5.180.127.39,172.28.4.7,26654,80,16,ACK,60
1257630960653121,172.28.4.7,5.180.127.39,80,26654,16,ACK,60
1257630960662490,16.5.197.28,172.28.4.7,15551,80,2,SYN,60
1257630960662626,172.28.4.7,16.5.197.28,80,15551,18,SYN+ACK,60
1257630960672459,20.38.7.15,172.28.4.7,54719,80,2,SYN,60
1257630960672594,172.28.4.7,20.38.7.15,80,54719,18,SYN+ACK,60
1257630960686275,172.28.4.7,20.21.128.24,80,46212,18,SYN+ACK,60
1257630960686578,20.21.128.24,172.28.4.7,46212,80,16,ACK,60
1257630960686714,172.28.4.7,20.21.128.24,80,46212,16,ACK,60
1257630960886182,172.28.4.7,20.38.7.15,80,52965,18,SYN+ACK,60
1257630961086088,172.28.4.7,20.21.128.24,80,23134,18,SYN+ACK,60
1257630961086091,172.28.4.7,16.16.174.14,80,56879,18,SYN+ACK,60
1257630961086441,16.16.174.14,172.28.4.7,56879,80,16,ACK,60
1257630961086574,172.28.4.7,16.16.174.14,80,56879,16,ACK,60
1257630961086575,20.21.128.24,172.28.4.7,23134,80,16,ACK,60
1257630961086709,172.28.4.7,20.21.128.24,80,23134,16,ACK,60
1257630961652581,9.248.204.55,172.28.4.7,39955,80,2,SYN,60
1257630961652715,172.28.4.7,9.248.204.55,80,39955,18,SYN+ACK,60
1257630961662693,16.16.174.14,172.28.4.7,41888,80,2,SYN,60
1257630961662876,172.28.4.7,16.16.174.14,80,41888,18,SYN+ACK,60
1257630961663206,16.16.174.14,172.28.4.7,41888,80,16,ACK,60
1257630961663340,172.28.4.7,16.16.174.14,80,41888,16,ACK,60
1257630961682682,172.28.4.7,1.23.177.16,80,1445,18,SYN+ACK,60
1257630961682685,172.28.4.7,5.180.127.39,80,50756,18,SYN+ACK,60
1257630961683086,1.23.177.16,172.28.4.7,1445,80,16,ACK,60
1257630961683089,5.180.127.39,172.28.4.7,50756,80,16,ACK,60
1257630961683222,172.28.4.7,1.23.177.16,80,1445,16,ACK,60
1257630961683225,172.28.4.7,5.180.127.39,80,50756,16,ACK,60
1257630962282398,172.28.4.7,20.38.7.15,80,41124,18,SYN+ACK,60
1257630962662537,20.18.5.11,172.28.4.7,7944,80,2,SYN,60
1257630962662671,172.28.4.7,20.18.5.11,80,7944,18,SYN+ACK,60
1257630962663050,20.18.5.11,172.28.4.7,7944,80,16,ACK,60
1257630962663183,172.28.4.7,20.18.5.11,80,7944,16,ACK,60
1257630962672604,11.6.70.13,172.28.4.7,53080,80,2,SYN,60
1257630962672738,172.28.4.7,11.6.70.13,80,53080,18,SYN+ACK,60
1257630962685327,172.28.4.7,1.23.177.16,80,43355,18,SYN+ACK,60
1257630962685330,172.28.4.7,20.18.5.11,80,46161,18,SYN+ACK,60
1257630962685663,1.23.177.16,172.28.4.7,43355,80,16,ACK,60
1257630962685796,172.28.4.7,1.23.177.16,80,43355,16,ACK,60
1257630962685829,20.18.5.11,172.28.4.7,46161,80,16,ACK,60
1257630962685963,172.28.4.7,20.18.5.11,80,46161,16,ACK,60
1257630963681732,172.28.4.7,20.21.128.24,80,5342,18,SYN+ACK,60
1257630963681735,172.28.4.7,20.38.7.15,80,54719,18,SYN+ACK,60
1257630963682049,20.21.128.24,172.28.4.7,5342,80,16,ACK,60
1257630963682184,172.28.4.7,20.21.128.24,80,5342,16,ACK,60
1257630963682729,15.231.243.19,172.28.4.7,6213,80,2,SYN,60
1257630963682859,20.21.128.24,172.28.4.7,3992,80,2,SYN,60
1257630963682864,172.28.4.7,15.231.243.19,80,6213,18,SYN+ACK,60
1257630963682993,172.28.4.7,20.21.128.24,80,3992,18,SYN+ACK,60
1257630963683356,20.21.128.24,172.28.4.7,3992,80,16,ACK,60
1257630963683489,172.28.4.7,20.21.128.24,80,3992,16,ACK,60
1257630963692723,1.23.177.16,172.28.4.7,41324,80,2,SYN,60
1257630963692857,172.28.4.7,1.23.177.16,80,41324,18,SYN+ACK,60
1257630963693193,1.23.177.16,172.28.4.7,41324,80,16,ACK,60
1257630963693326,172.28.4.7,1.23.177.16,80,41324,16,ACK,60
1257630964084655,172.28.4.7,16.16.174.14,80,58443,18,SYN+ACK,60
1257630964085196,16.16.174.14,172.28.4.7,58443,80,16,ACK,60
1257630964085379,172.28.4.7,16.16.174.14,80,58443,16,ACK,60
1257630964652659,5.180.127.39,172.28.4.7,33125,80,2,SYN,60
1257630964652793,172.28.4.7,5.180.127.39,80,33125,18,SYN+ACK,60
1257630964653131,5.180.127.39,172.28.4.7,33125,80,16,ACK,60
1257630964653266,172.28.4.7,5.180.127.39,80,33125,16,ACK,60
1257630964662646,16.5.197.28,172.28.4.7,19565,80,2,SYN,60
1257630964662779,172.28.4.7,16.5.197.28,80,19565,18,SYN+ACK,60
1257630964672614,20.38.7.15,172.28.4.7,30197,80,2,SYN,60
1257630964672749,172.28.4.7,20.38.7.15,80,30197,18,SYN+ACK,60
1257630964684372,172.28.4.7,20.18.5.11,80,46672,18,SYN+ACK,60
1257630964684375,172.28.4.7,5.180.127.39,80,26654,18,SYN+ACK,60
1257630964684693,20.18.5.11,172.28.4.7,46672,80,16,ACK,60
1257630964684722,5.180.127.39,172.28.4.7,26654,80,16,ACK,60
1257630964684835,172.28.4.7,20.18.5.11,80,46672,16,ACK,60
1257630964684859,172.28.4.7,5.180.127.39,80,26654,16,ACK,60
1257630965084174,172.28.4.7,1.23.177.16,80,5459,18,SYN+ACK,60
1257630965084506,1.23.177.16,172.28.4.7,5459,80,16,ACK,60
1257630965084641,172.28.4.7,1.23.177.16,80,5459,16,ACK,60
1257630965482209,172.28.4.7,16.16.174.14,80,41888,18,SYN+ACK,60
1257630965482556,16.16.174.14,172.28.4.7,41888,80,16,ACK,60
1257630965482692,172.28.4.7,16.16.174.14,80,41888,16,ACK,60
1257630965652753,9.248.204.55,172.28.4.7,24836,80,2,SYN,60
1257630965652904,172.28.4.7,9.248.204.55,80,24836,18,SYN+ACK,60
1257630965662678,16.16.174.14,172.28.4.7,33103,80,2,SYN,60
1257630965662812,172.28.4.7,16.16.174.14,80,33103,18,SYN+ACK,60
1257630965663121,16.16.174.14,172.28.4.7,33103,80,16,ACK,60
1257630965663255,172.28.4.7,16.16.174.14,80,33103,16,ACK,60
1257630965680829,172.28.4.7,1.23.177.16,80,57769,18,SYN+ACK,60
1257630965681301,1.23.177.16,172.28.4.7,57769,80,16,ACK,60
1257630965681448,172.28.4.7,1.23.177.16,80,57769,16,ACK,60
1257630965880749,172.28.4.7,20.21.128.24,80,34779,18,SYN+ACK,60
1257630965880752,172.28.4.7,5.180.127.39,80,1358,18,SYN+ACK,60
1257630965881147,20.21.128.24,172.28.4.7,34779,80,16,ACK,60
1257630965881150,5.180.127.39,172.28.4.7,1358,80,16,ACK,60
1257630965881289,172.28.4.7,20.21.128.24,80,34779,16,ACK,60
1257630965881293,172.28.4.7,5.180.127.39,80,1358,16,ACK,60
1257630966082469,172.28.4.7,5.180.127.39,80,22488,18,SYN+ACK,60
1257630966082834,5.180.127.39,172.28.4.7,22488,80,16,ACK,60
1257630966082976,172.28.4.7,5.180.127.39,80,22488,16,ACK,60
1257630966662691,20.18.5.11,172.28.4.7,46431,80,2,SYN,60
1257630966662825,172.28.4.7,20.18.5.11,80,46431,18,SYN+ACK,60
1257630966663165,20.18.5.11,172.28.4.7,46431,80,16,ACK,60
1257630966663301,172.28.4.7,20.18.5.11,80,46431,16,ACK,60
1257630966672760,11.6.70.13,172.28.4.7,46324,80,2,SYN,60
1257630966672894,172.28.4.7,11.6.70.13,80,46324,18,SYN+ACK,60
1257630966683414,172.28.4.7,20.18.5.11,80,7944,18,SYN+ACK,60
1257630966683727,20.18.5.11,172.28.4.7,7944,80,16,ACK,60
1257630966683864,172.28.4.7,20.18.5.11,80,7944,16,ACK,60
1257630967083222,172.28.4.7,20.38.7.15,80,52965,18,SYN+ACK,60
1257630967083226,172.28.4.7,16.16.174.14,80,56879,18,SYN+ACK,60
1257630967083550,16.16.174.14,172.28.4.7,56879,80,16,ACK,60
1257630967083686,172.28.4.7,16.16.174.14,80,56879,16,ACK,60
1257630967283124,172.28.4.7,15.231.243.19,80,6213,18,SYN+ACK,60
1257630967483032,172.28.4.7,20.21.128.24,80,3992,18,SYN+ACK,60
1257630967483345,20.21.128.24,172.28.4.7,3992,80,16,ACK,60
1257630967483480,172.28.4.7,20.21.128.24,80,3992,16,ACK,60
1257630967682882,15.231.243.19,172.28.4.7,37976,80,2,SYN,60
1257630967683017,172.28.4.7,15.231.243.19,80,37976,18,SYN+ACK,60
1257630967683073,20.21.128.24,172.28.4.7,59622,80,2,SYN,60
1257630967683187,172.28.4.7,20.21.128.24,80,59622,18,SYN+ACK,60
1257630967683498,20.21.128.24,172.28.4.7,59622,80,16,ACK,60
1257630967683632,172.28.4.7,20.21.128.24,80,59622,16,ACK,60
1257630967692882,1.23.177.16,172.28.4.7,12965,80,2,SYN,60
1257630967693015,172.28.4.7,1.23.177.16,80,12965,18,SYN+ACK,60
1257630967693357,1.23.177.16,172.28.4.7,12965,80,16,ACK,60
1257630967693492,172.28.4.7,1.23.177.16,80,12965,16,ACK,60
1257630967882842,172.28.4.7,5.180.127.39,80,33125,18,SYN+ACK,60
1257630967882843,172.28.4.7,1.23.177.16,80,41324,18,SYN+ACK,60
1257630967883181,5.180.127.39,172.28.4.7,33125,80,16,ACK,60
1257630967883236,1.23.177.16,172.28.4.7,41324,80,16,ACK,60
1257630967883324,172.28.4.7,5.180.127.39,80,33125,16,ACK,60
1257630967883382,172.28.4.7,1.23.177.16,80,41324,16,ACK,60
1257630968652813,5.180.127.39,172.28.4.7,60508,80,2,SYN,60
1257630968652948,172.28.4.7,5.180.127.39,80,60508,18,SYN+ACK,60
1257630968653308,5.180.127.39,172.28.4.7,60508,80,16,ACK,60
1257630968653443,172.28.4.7,5.180.127.39,80,60508,16,ACK,60
1257630968662802,16.5.197.28,172.28.4.7,29735,80,2,SYN,60
1257630968662935,172.28.4.7,16.5.197.28,80,29735,18,SYN+ACK,60
1257630968672766,20.38.7.15,172.28.4.7,12904,80,2,SYN,60
1257630968672900,172.28.4.7,20.38.7.15,80,12904,18,SYN+ACK,60
1257630968679341,172.28.4.7,1.23.177.16,80,43355,18,SYN+ACK,60
1257630968679344,172.28.4.7,20.18.5.11,80,46161,18,SYN+ACK,60
1257630968679717,1.23.177.16,172.28.4.7,43355,80,16,ACK,60
1257630968679825,20.18.5.11,172.28.4.7,46161,80,16,ACK,60
1257630968679851,172.28.4.7,1.23.177.16,80,43355,16,ACK,60
1257630968679959,172.28.4.7,20.18.5.11,80,46161,16,ACK,60
1257630968879243,172.28.4.7,20.38.7.15,80,30197,18,SYN+ACK,60
1257630969652889,9.248.204.55,172.28.4.7,18476,80,2,SYN,60
1257630969653024,172.28.4.7,9.248.204.55,80,18476,18,SYN+ACK,60
1257630969662829,16.16.174.14,172.28.4.7,21530,80,2,SYN,60
1257630969662963,172.28.4.7,16.16.174.14,80,21530,18,SYN+ACK,60
1257630969663278,16.16.174.14,172.28.4.7,21530,80,16,ACK,60
1257630969663413,172.28.4.7,16.16.174.14,80,21530,16,ACK,60
1257630969681989,172.28.4.7,11.6.70.13,80,46324,18,SYN+ACK,60
1257630969681992,172.28.4.7,20.21.128.24,80,5342,18,SYN+ACK,60
1257630969682310,20.21.128.24,172.28.4.7,5342,80,16,ACK,60
1257630969682444,172.28.4.7,20.21.128.24,80,5342,16,ACK,60
1257630969881889,172.28.4.7,5.180.127.39,80,27495,18,SYN+ACK,60
1257630969882277,5.180.127.39,172.28.4.7,27495,80,16,ACK,60
1257630969882414,172.28.4.7,5.180.127.39,80,27495,16,ACK,60
1257630970081798,172.28.4.7,16.16.174.14,80,33103,18,SYN+ACK,60
1257630970081801,172.28.4.7,20.18.5.11,80,46431,18,SYN+ACK,60
1257630970082197,16.16.174.14,172.28.4.7,33103,80,16,ACK,60
1257630970082296,20.18.5.11,172.28.4.7,46431,80,16,ACK,60
1257630970082332,172.28.4.7,16.16.174.14,80,33103,16,ACK,60
1257630970082429,172.28.4.7,20.18.5.11,80,46431,16,ACK,60
1257630970662848,20.18.5.11,172.28.4.7,43286,80,2,SYN,60
1257630970662984,172.28.4.7,20.18.5.11,80,43286,18,SYN+ACK,60
1257630970663302,20.18.5.11,172.28.4.7,43286,80,16,ACK,60
1257630970663438,172.28.4.7,20.18.5.11,80,43286,16,ACK,60
1257630970672912,11.6.70.13,172.28.4.7,5962,80,2,SYN,60
1257630970673048,172.28.4.7,11.6.70.13,80,5962,18,SYN+ACK,60
1257630970681510,172.28.4.7,5.180.127.39,80,26654,18,SYN+ACK,60
1257630970681868,5.180.127.39,172.28.4.7,26654,80,16,ACK,60
1257630970682004,172.28.4.7,5.180.127.39,80,26654,16,ACK,60
1257630971081328,172.28.4.7,15.231.243.19,80,37976,18,SYN+ACK,60
1257630971081331,172.28.4.7,20.21.128.24,80,59622,18,SYN+ACK,60
1257630971081646,20.21.128.24,172.28.4.7,59622,80,16,ACK,60
1257630971081781,172.28.4.7,20.21.128.24,80,59622,16,ACK,60
1257630971481123,172.28.4.7,16.16.174.14,80,41888,18,SYN+ACK,60
1257630971481438,16.16.174.14,172.28.4.7,41888,80,16,ACK,60
1257630971481572,172.28.4.7,16.16.174.14,80,41888,16,ACK,60
1257630971681033,172.28.4.7,20.38.7.15,80,12904,18,SYN+ACK,60
1257630971681036,172.28.4.7,5.180.127.39,80,60508,18,SYN+ACK,60
1257630971681365,5.180.127.39,172.28.4.7,60508,80,16,ACK,60
1257630971681499,172.28.4.7,5.180.127.39,80,60508,16,ACK,60
1257630971683028,15.231.243.19,172.28.4.7,23609,80,2,SYN,60
1257630971683163,172.28.4.7,15.231.243.19,80,23609,18,SYN+ACK,60
1257630971683283,20.21.128.24,172.28.4.7,4911,80,2,SYN,60
1257630971683416,172.28.4.7,20.21.128.24,80,4911,18,SYN+ACK,60
1257630971683755,20.21.128.24,172.28.4.7,4911,80,16,ACK,60
1257630971683889,172.28.4.7,20.21.128.24,80,4911,16,ACK,60
1257630971693038,1.23.177.16,172.28.4.7,42536,80,2,SYN,60
1257630971693172,172.28.4.7,1.23.177.16,80,42536,18,SYN+ACK,60
1257630971693496,1.23.177.16,172.28.4.7,42536,80,16,ACK,60
1257630971693630,172.28.4.7,1.23.177.16,80,42536,16,ACK,60
1257630972080838,172.28.4.7,1.23.177.16,80,12965,18,SYN+ACK,60
1257630972081179,1.23.177.16,172.28.4.7,12965,80,16,ACK,60
1257630972081313,172.28.4.7,1.23.177.16,80,12965,16,ACK,60
1257630972480647,172.28.4.7,20.18.5.11,80,1648,18,SYN+ACK,60
1257630972481012,20.18.5.11,172.28.4.7,1648,80,16,ACK,60
1257630972481147,172.28.4.7,20.18.5.11,80,1648,16,ACK,60
1257630972652967,5.180.127.39,172.28.4.7,30898,80,2,SYN,60
1257630972653102,172.28.4.7,5.180.127.39,80,30898,18,SYN+ACK,60
1257630972653433,5.180.127.39,172.28.4.7,30898,80,16,ACK,60
1257630972653567,172.28.4.7,5.180.127.39,80,30898,16,ACK,60
1257630972662956,16.5.197.28,172.28.4.7,11348,80,2,SYN,60
1257630972663091,172.28.4.7,16.5.197.28,80,11348,18,SYN+ACK,60
1257630972672923,20.38.7.15,172.28.4.7,26763,80,2,SYN,60
1257630972673066,172.28.4.7,20.38.7.15,80,26763,18,SYN+ACK,60
1257630972677427,172.28.4.7,20.18.5.11,80,7944,18,SYN+ACK,60
1257630972677781,20.18.5.11,172.28.4.7,7944,80,16,ACK,60
1257630972677915,172.28.4.7,20.18.5.11,80,7944,16,ACK,60
1257630972880456,172.28.4.7,20.21.128.24,80,46212,18,SYN+ACK,60
1257630972880768,20.21.128.24,172.28.4.7,46212,80,16,ACK,60
1257630972880903,172.28.4.7,20.21.128.24,80,46212,16,ACK,60
1257630973277142,172.28.4.7,20.21.128.24,80,23134,18,SYN+ACK,60
1257630973277145,172.28.4.7,15.231.243.19,80,6213,18,SYN+ACK,60
1257630973277463,20.21.128.24,172.28.4.7,23134,80,16,ACK,60
1257630973277597,172.28.4.7,20.21.128.24,80,23134,16,ACK,60
1257630973480172,172.28.4.7,20.21.128.24,80,3992,18,SYN+ACK,60
1257630973480176,172.28.4.7,16.16.174.14,80,21530,18,SYN+ACK,60
1257630973480498,20.21.128.24,172.28.4.7,3992,80,16,ACK,60
1257630973480525,16.16.174.14,172.28.4.7,21530,80,16,ACK,60
1257630973480639,172.28.4.7,20.21.128.24,80,3992,16,ACK,60
1257630973480670,172.28.4.7,16.16.174.14,80,21530,16,ACK,60
1257630973653045,9.248.204.55,172.28.4.7,19309,80,2,SYN,60
1257630973653179,172.28.4.7,9.248.204.55,80,19309,18,SYN+ACK,60
1257630973662983,16.16.174.14,172.28.4.7,59385,80,2,SYN,60
1257630973663118,172.28.4.7,16.16.174.14,80,59385,18,SYN+ACK,60
1257630973663426,16.16.174.14,172.28.4.7,59385,80,16,ACK,60
1257630973663561,172.28.4.7,16.16.174.14,80,59385,16,ACK,60
1257630973680075,172.28.4.7,1.23.177.16,80,1445,18,SYN+ACK,60
1257630973680410,1.23.177.16,172.28.4.7,1445,80,16,ACK,60
1257630973680546,172.28.4.7,1.23.177.16,80,1445,16,ACK,60
1257630973879984,172.28.4.7,5.180.127.39,80,50756,18,SYN+ACK,60
1257630973879988,172.28.4.7,5.180.127.39,80,33125,18,SYN+ACK,60
1257630973879989,172.28.4.7,1.23.177.16,80,41324,18,SYN+ACK,60
1257630973880326,5.180.127.39,172.28.4.7,50756,80,16,ACK,60
1257630973880355,5.180.127.39,172.28.4.7,33125,80,16,ACK,60
1257630973880437,1.23.177.16,172.28.4.7,41324,80,16,ACK,60
1257630973880466,172.28.4.7,5.180.127.39,80,50756,16,ACK,60
1257630973880500,172.28.4.7,5.180.127.39,80,33125,16,ACK,60
1257630973880579,172.28.4.7,1.23.177.16,80,41324,16,ACK,60
1257630974079882,172.28.4.7,20.18.5.11,80,43286,18,SYN+ACK,60
1257630974080191,20.18.5.11,172.28.4.7,43286,80,16,ACK,60
1257630974080324,172.28.4.7,20.18.5.11,80,43286,16,ACK,60
1257630974279790,172.28.4.7,20.38.7.15,80,41124,18,SYN+ACK,60
1257630974663010,20.18.5.11,172.28.4.7,17106,80,2,SYN,60
1257630974663145,172.28.4.7,20.18.5.11,80,17106,18,SYN+ACK,60
1257630974663496,20.18.5.11,172.28.4.7,17106,80,16,ACK,60
1257630974663630,172.28.4.7,20.18.5.11,80,17106,16,ACK,60
1257630974673231,11.6.70.13,172.28.4.7,7487,80,2,SYN,60
1257630974673403,172.28.4.7,11.6.70.13,80,7487,18,SYN+ACK,60
1257630974876376,172.28.4.7,20.38.7.15,80,30197,18,SYN+ACK,60
1257630975476096,172.28.4.7,1.23.177.16,80,42536,18,SYN+ACK,60
1257630975476441,1.23.177.16,172.28.4.7,42536,80,16,ACK,60
1257630975476576,172.28.4.7,1.23.177.16,80,42536,16,ACK,60
1257630975683181,15.231.243.19,172.28.4.7,25675,80,2,SYN,60
1257630975683318,172.28.4.7,15.231.243.19,80,25675,18,SYN+ACK,60
1257630975683463,20.21.128.24,172.28.4.7,34817,80,2,SYN,60
1257630975683598,172.28.4.7,20.21.128.24,80,34817,18,SYN+ACK,60
1257630975683903,20.21.128.24,172.28.4.7,34817,80,16,ACK,60
1257630975684038,172.28.4.7,20.21.128.24,80,34817,16,ACK,60
1257630975693195,1.23.177.16,172.28.4.7,18267,80,2,SYN,60
1257630975693328,172.28.4.7,1.23.177.16,80,18267,18,SYN+ACK,60
1257630975693646,1.23.177.16,172.28.4.7,18267,80,16,ACK,60
1257630975693781,172.28.4.7,1.23.177.16,80,18267,16,ACK,60
1257630975879013,172.28.4.7,15.231.243.19,80,23609,18,SYN+ACK,60
1257630975879036,172.28.4.7,20.21.128.24,80,4911,18,SYN+ACK,60
1257630975879347,20.21.128.24,172.28.4.7,4911,80,16,ACK,60
1257630975879498,172.28.4.7,20.21.128.24,80,4911,16,ACK,60
1257630976078935,172.28.4.7,16.16.174.14,80,58443,18,SYN+ACK,60
1257630976078938,172.28.4.7,16.16.174.14,80,33103,18,SYN+ACK,60
1257630976079349,16.16.174.14,172.28.4.7,58443,80,16,ACK,60
1257630976079380,16.16.174.14,172.28.4.7,33103,80,16,ACK,60
1257630976079491,172.28.4.7,16.16.174.14,80,58443,16,ACK,60
1257630976079528,172.28.4.7,16.16.174.14,80,33103,16,ACK,60
1257630976275718,172.28.4.7,20.18.5.11,80,46431,18,SYN+ACK,60
1257630976276057,20.18.5.11,172.28.4.7,46431,80,16,ACK,60
1257630976276191,172.28.4.7,20.18.5.11,80,46431,16,ACK,60
1257630976478743,172.28.4.7,20.38.7.15,80,26763,18,SYN+ACK,60
1257630976478746,172.28.4.7,5.180.127.39,80,30898,18,SYN+ACK,60
1257630976479088,5.180.127.39,172.28.4.7,30898,80,16,ACK,60
1257630976479224,172.28.4.7,5.180.127.39,80,30898,16,ACK,60
1257630976653121,5.180.127.39,172.28.4.7,53528,80,2,SYN,60
1257630976653256,172.28.4.7,5.180.127.39,80,53528,18,SYN+ACK,60
1257630976653595,5.180.127.39,172.28.4.7,53528,80,16,ACK,60
1257630976653730,172.28.4.7,5.180.127.39,80,53528,16,ACK,60
1257630976663114,16.5.197.28,172.28.4.7,14122,80,2,SYN,60
1257630976663249,172.28.4.7,16.5.197.28,80,14122,18,SYN+ACK,60
1257630976673256,20.38.7.15,172.28.4.7,22725,80,2,SYN,60
1257630976673439,172.28.4.7,20.38.7.15,80,22725,18,SYN+ACK,60
1257630976675523,172.28.4.7,20.18.5.11,80,46672,18,SYN+ACK,60
1257630976675838,20.18.5.11,172.28.4.7,46672,80,16,ACK,60
1257630976675974,172.28.4.7,20.18.5.11,80,46672,16,ACK,60
1257630977078456,172.28.4.7,1.23.177.16,80,5459,18,SYN+ACK,60
1257630977078459,172.28.4.7,20.21.128.24,80,59622,18,SYN+ACK,60
1257630977078804,1.23.177.16,172.28.4.7,5459,80,16,ACK,60
1257630977078807,20.21.128.24,172.28.4.7,59622,80,16,ACK,60
1257630977078945,172.28.4.7,1.23.177.16,80,5459,16,ACK,60
1257630977078948,172.28.4.7,20.21.128.24,80,59622,16,ACK,60
1257630977653204,9.248.204.55,172.28.4.7,28652,80,2,SYN,60
1257630977653338,172.28.4.7,9.248.204.55,80,28652,18,SYN+ACK,60
1257630977663141,16.16.174.14,172.28.4.7,32810,80,2,SYN,60
1257630977663277,172.28.4.7,16.16.174.14,80,32810,18,SYN+ACK,60
1257630977663592,16.16.174.14,172.28.4.7,32810,80,16,ACK,60
1257630977663727,172.28.4.7,16.16.174.14,80,32810,16,ACK,60
1257630977675049,172.28.4.7,16.16.174.14,80,59385,18,SYN+ACK,60
1257630977675052,172.28.4.7,5.180.127.39,80,60508,18,SYN+ACK,60
1257630977675432,16.16.174.14,172.28.4.7,59385,80,16,ACK,60
1257630977675435,5.180.127.39,172.28.4.7,60508,80,16,ACK,60
1257630977675576,172.28.4.7,16.16.174.14,80,59385,16,ACK,60
1257630977675579,172.28.4.7,5.180.127.39,80,60508,16,ACK,60
1257630977874951,172.28.4.7,20.21.128.24,80,34779,18,SYN+ACK,60
1257630977875266,20.21.128.24,172.28.4.7,34779,80,16,ACK,60
1257630977875400,172.28.4.7,20.21.128.24,80,34779,16,ACK,60
1257630978077981,172.28.4.7,5.180.127.39,80,1358,18,SYN+ACK,60
1257630978077984,172.28.4.7,1.23.177.16,80,12965,18,SYN+ACK,60
1257630978078316,5.180.127.39,172.28.4.7,1358,80,16,ACK,60
1257630978078388,1.23.177.16,172.28.4.7,12965,80,16,ACK,60
1257630978078456,172.28.4.7,5.180.127.39,80,1358,16,ACK,60
1257630978078532,172.28.4.7,1.23.177.16,80,12965,16,ACK,60
1257630978663162,20.18.5.11,172.28.4.7,51226,80,2,SYN,60
1257630978663298,172.28.4.7,20.18.5.11,80,51226,18,SYN+ACK,60
1257630978663638,20.18.5.11,172.28.4.7,51226,80,16,ACK,60
1257630978663774,172.28.4.7,20.18.5.11,80,51226,16,ACK,60
1257630978673223,11.6.70.13,172.28.4.7,33532,80,2,SYN,60
1257630978673358,172.28.4.7,11.6.70.13,80,33532,18,SYN+ACK,60
1257630978674565,172.28.4.7,20.21.128.24,80,34817,18,SYN+ACK,60
1257630978674874,20.21.128.24,172.28.4.7,34817,80,16,ACK,60
1257630978675006,172.28.4.7,20.21.128.24,80,34817,16,ACK,60
1257630979074392,172.28.4.7,20.18.5.11,80,17106,18,SYN+ACK,60
1257630979074395,172.28.4.7,20.38.7.15,80,52965,18,SYN+ACK,60
1257630979074751,20.18.5.11,172.28.4.7,17106,80,16,ACK,60
1257630979074886,172.28.4.7,20.18.5.11,80,17106,16,ACK,60
1257630979277411,172.28.4.7,16.16.174.14,80,56879,18,SYN+ACK,60
1257630979277415,172.28.4.7,1.23.177.16,80,18267,18,SYN+ACK,60
1257630979277731,16.16.174.14,172.28.4.7,56879,80,16,ACK,60
1257630979277790,1.23.177.16,172.28.4.7,18267,80,16,ACK,60
1257630979277883,172.28.4.7,16.16.174.14,80,56879,16,ACK,60
1257630979277931,172.28.4.7,1.23.177.16,80,18267,16,ACK,60
1257630979477316,172.28.4.7,16.16.174.14,80,21530,18,SYN+ACK,60
1257630979477629,16.16.174.14,172.28.4.7,21530,80,16,ACK,60
1257630979477765,172.28.4.7,16.16.174.14,80,21530,16,ACK,60
1257630979683340,15.231.243.19,172.28.4.7,8594,80,2,SYN,60
1257630979683476,172.28.4.7,15.231.243.19,80,8594,18,SYN+ACK,60
1257630979683662,20.21.128.24,172.28.4.7,9492,80,2,SYN,60
1257630979683797,172.28.4.7,20.21.128.24,80,9492,18,SYN+ACK,60
1257630979684143,20.21.128.24,172.28.4.7,9492,80,16,ACK,60
1257630979684276,172.28.4.7,20.21.128.24,80,9492,16,ACK,60
1257630979693530,1.23.177.16,172.28.4.7,53262,80,2,SYN,60
1257630979693697,172.28.4.7,1.23.177.16,80,53262,18,SYN+ACK,60
1257630979694438,1.23.177.16,172.28.4.7,53262,80,16,ACK,60
1257630979694595,172.28.4.7,1.23.177.16,80,53262,16,ACK,60
1257630980077023,172.28.4.7,5.180.127.39,80,53528,18,SYN+ACK,60
1257630980077362,5.180.127.39,172.28.4.7,53528,80,16,ACK,60
1257630980077498,172.28.4.7,5.180.127.39,80,53528,16,ACK,60
1257630980276929,172.28.4.7,20.18.5.11,80,43286,18,SYN+ACK,60
1257630980277266,20.18.5.11,172.28.4.7,43286,80,16,ACK,60
1257630980277401,172.28.4.7,20.18.5.11,80,43286,16,ACK,60
1257630980653280,5.180.127.39,172.28.4.7,23656,80,2,SYN,60
1257630980653414,172.28.4.7,5.180.127.39,80,23656,18,SYN+ACK,60
1257630980653742,5.180.127.39,172.28.4.7,23656,80,16,ACK,60
1257630980653875,172.28.4.7,5.180.127.39,80,23656,16,ACK,60
1257630980663271,16.5.197.28,172.28.4.7,43797,80,2,SYN,60
1257630980663412,172.28.4.7,16.5.197.28,80,43797,18,SYN+ACK,60
1257630980673430,20.38.7.15,172.28.4.7,27862,80,2,SYN,60
1257630980673634,172.28.4.7,20.38.7.15,80,27862,18,SYN+ACK,60
1257630980674210,172.28.4.7,1.23.177.16,80,43355,18,SYN+ACK,60
1257630980674213,172.28.4.7,20.18.5.11,80,46161,18,SYN+ACK,60
1257630980677138,20.18.5.11,172.28.4.7,46161,80,16,ACK,60
1257630980677237,1.23.177.16,172.28.4.7,43355,80,16,ACK,60
1257630980677306,172.28.4.7,20.18.5.11,80,46161,16,ACK,60
1257630980677416,172.28.4.7,1.23.177.16,80,43355,16,ACK,60
1257630980873521,172.28.4.7,16.16.174.14,80,32810,18,SYN+ACK,60
1257630980873524,172.28.4.7,20.38.7.15,80,22725,18,SYN+ACK,60
1257630980873878,16.16.174.14,172.28.4.7,32810,80,16,ACK,60
1257630980874013,172.28.4.7,16.16.174.14,80,32810,16,ACK,60
1257630981476358,172.28.4.7,1.23.177.16,80,42536,18,SYN+ACK,60
1257630981476708,1.23.177.16,172.28.4.7,42536,80,16,ACK,60
1257630981476843,172.28.4.7,1.23.177.16,80,42536,16,ACK,60
1257630981653353,9.248.204.55,172.28.4.7,24537,80,2,SYN,60
1257630981653488,172.28.4.7,9.248.204.55,80,24537,18,SYN+ACK,60
1257630981663296,16.16.174.14,172.28.4.7,19040,80,2,SYN,60
1257630981663430,172.28.4.7,16.16.174.14,80,19040,18,SYN+ACK,60
1257630981663772,16.16.174.14,172.28.4.7,19040,80,16,ACK,60
1257630981663907,172.28.4.7,16.16.174.14,80,19040,16,ACK,60
1257630981673140,172.28.4.7,20.21.128.24,80,5342,18,SYN+ACK,60
1257630981673444,20.21.128.24,172.28.4.7,5342,80,16,ACK,60
1257630981673577,172.28.4.7,20.21.128.24,80,5342,16,ACK,60
1257630981873046,172.28.4.7,15.231.243.19,80,23609,18,SYN+ACK,60
1257630981873050,172.28.4.7,20.21.128.24,80,4911,18,SYN+ACK,60
1257630981873364,20.21.128.24,172.28.4.7,4911,80,16,ACK,60
1257630981873499,172.28.4.7,20.21.128.24,80,4911,16,ACK,60
1257630982475889,172.28.4.7,20.18.5.11,80,51226,18,SYN+ACK,60
1257630982475893,172.28.4.7,20.38.7.15,80,26763,18,SYN+ACK,60
1257630982475894,172.28.4.7,5.180.127.39,80,30898,18,SYN+ACK,60
1257630982476263,5.180.127.39,172.28.4.7,30898,80,16,ACK,60
1257630982476283,20.18.5.11,172.28.4.7,51226,80,16,ACK,60
1257630982476419,172.28.4.7,5.180.127.39,80,30898,16,ACK,60
1257630982476421,172.28.4.7,20.18.5.11,80,51226,16,ACK,60
1257630982663320,20.18.5.11,172.28.4.7,54239,80,2,SYN,60
1257630982663456,172.28.4.7,20.18.5.11,80,54239,18,SYN+ACK,60
1257630982663762,20.18.5.11,172.28.4.7,54239,80,16,ACK,60
1257630982663896,172.28.4.7,20.18.5.11,80,54239,16,ACK,60
1257630982673376,11.6.70.13,172.28.4.7,24844,80,2,SYN,60
1257630982673511,172.28.4.7,11.6.70.13,80,24844,18,SYN+ACK,60
1257630982875689,172.28.4.7,5.180.127.39,80,26654,18,SYN+ACK,60
1257630982876013,5.180.127.39,172.28.4.7,26654,80,16,ACK,60
1257630982876148,172.28.4.7,5.180.127.39,80,26654,16,ACK,60
1257630983475406,172.28.4.7,1.23.177.16,80,53262,18,SYN+ACK,60
1257630983475409,172.28.4.7,16.16.174.14,80,41888,18,SYN+ACK,60
1257630983475765,16.16.174.14,172.28.4.7,41888,80,16,ACK,60
1257630983475767,1.23.177.16,172.28.4.7,53262,80,16,ACK,60
1257630983475906,172.28.4.7,16.16.174.14,80,41888,16,ACK,60
1257630983475909,172.28.4.7,1.23.177.16,80,53262,16,ACK,60
1257630983675308,172.28.4.7,16.16.174.14,80,59385,18,SYN+ACK,60
1257630983675311,172.28.4.7,20.38.7.15,80,27862,18,SYN+ACK,60
1257630983675641,16.16.174.14,172.28.4.7,59385,80,16,ACK,60
1257630983675774,172.28.4.7,16.16.174.14,80,59385,16,ACK,60
1257630983683489,15.231.243.19,172.28.4.7,25359,80,2,SYN,60
1257630983683621,172.28.4.7,15.231.243.19,80,25359,18,SYN+ACK,60
1257630983683840,20.21.128.24,172.28.4.7,29270,80,2,SYN,60
1257630983683976,172.28.4.7,20.21.128.24,80,29270,18,SYN+ACK,60
1257630983684295,20.21.128.24,172.28.4.7,29270,80,16,ACK,60
1257630983684427,172.28.4.7,20.21.128.24,80,29270,16,ACK,60
1257630983693501,1.23.177.16,172.28.4.7,44600,80,2,SYN,60
1257630983693635,172.28.4.7,1.23.177.16,80,44600,18,SYN+ACK,60
1257630983693960,1.23.177.16,172.28.4.7,44600,80,16,ACK,60
1257630983694093,172.28.4.7,1.23.177.16,80,44600,16,ACK,60
1257630983875212,172.28.4.7,20.21.128.24,80,9492,18,SYN+ACK,60
1257630983875517,20.21.128.24,172.28.4.7,9492,80,16,ACK,60
1257630983875650,172.28.4.7,20.21.128.24,80,9492,16,ACK,60
1257630984075116,172.28.4.7,5.180.127.39,80,23656,18,SYN+ACK,60
1257630984075462,5.180.127.39,172.28.4.7,23656,80,16,ACK,60
1257630984075597,172.28.4.7,5.180.127.39,80,23656,16,ACK,60
1257630984653434,5.180.127.39,172.28.4.7,24322,80,2,SYN,60
1257630984653580,172.28.4.7,5.180.127.39,80,24322,18,SYN+ACK,60
1257630984653905,5.180.127.39,172.28.4.7,24322,80,16,ACK,60
1257630984654038,172.28.4.7,5.180.127.39,80,24322,16,ACK,60
1257630984663422,16.5.197.28,172.28.4.7,25973,80,2,SYN,60
1257630984663557,172.28.4.7,16.5.197.28,80,25973,18,SYN+ACK,60
1257630984673405,20.38.7.15,172.28.4.7,34561,80,2,SYN,60
1257630984673539,172.28.4.7,20.38.7.15,80,34561,18,SYN+ACK,60
1257630984673542,172.28.4.7,20.21.128.24,80,34817,18,SYN+ACK,60
1257630984673857,20.21.128.24,172.28.4.7,34817,80,16,ACK,60
1257630984673991,172.28.4.7,20.21.128.24,80,34817,16,ACK,60
1257630984874734,172.28.4.7,20.18.5.11,80,7944,18,SYN+ACK,60
1257630984875060,20.18.5.11,172.28.4.7,7944,80,16,ACK,60
1257630984875195,172.28.4.7,20.18.5.11,80,7944,16,ACK,60
1257630985074641,172.28.4.7,20.18.5.11,80,17106,18,SYN+ACK,60
1257630985074981,20.18.5.11,172.28.4.7,17106,80,16,ACK,60
1257630985075116,172.28.4.7,20.18.5.11,80,17106,16,ACK,60
1257630985274546,172.28.4.7,15.231.243.19,80,6213,18,SYN+ACK,60
1257630985474456,172.28.4.7,1.23.177.16,80,18267,18,SYN+ACK,60
1257630985474459,172.28.4.7,16.16.174.14,80,19040,18,SYN+ACK,60
1257630985474461,172.28.4.7,20.21.128.24,80,3992,18,SYN+ACK,60
1257630985474805,1.23.177.16,172.28.4.7,18267,80,16,ACK,60
1257630985474853,16.16.174.14,172.28.4.7,19040,80,16,ACK,60
1257630985474918,20.21.128.24,172.28.4.7,3992,80,16,ACK,60
1257630985474948,172.28.4.7,1.23.177.16,80,18267,16,ACK,60
1257630985474998,172.28.4.7,16.16.174.14,80,19040,16,ACK,60
1257630985475060,172.28.4.7,20.21.128.24,80,3992,16,ACK,60
1257630985653506,9.248.204.55,172.28.4.7,4157,80,2,SYN,60
1257630985653641,172.28.4.7,9.248.204.55,80,4157,18,SYN+ACK,60
1257630985663453,16.16.174.14,172.28.4.7,26921,80,2,SYN,60
1257630985663586,172.28.4.7,16.16.174.14,80,26921,18,SYN+ACK,60
1257630985663919,16.16.174.14,172.28.4.7,26921,80,16,ACK,60
1257630985664053,172.28.4.7,16.16.174.14,80,26921,16,ACK,60
1257630985874259,172.28.4.7,5.180.127.39,80,33125,18,SYN+ACK,60
1257630985874262,172.28.4.7,1.23.177.16,80,41324,18,SYN+ACK,60
1257630985874586,5.180.127.39,172.28.4.7,33125,80,16,ACK,60
1257630985874636,1.23.177.16,172.28.4.7,41324,80,16,ACK,60
1257630985874732,172.28.4.7,5.180.127.39,80,33125,16,ACK,60
1257630985874782,172.28.4.7,1.23.177.16,80,41324,16,ACK,60
1257630986074160,172.28.4.7,5.180.127.39,80,53528,18,SYN+ACK,60
1257630986074487,5.180.127.39,172.28.4.7,53528,80,16,ACK,60
1257630986074620,172.28.4.7,5.180.127.39,80,53528,16,ACK,60
1257630986663474,20.18.5.11,172.28.4.7,57516,80,2,SYN,60
1257630986663608,172.28.4.7,20.18.5.11,80,57516,18,SYN+ACK,60
1257630986663968,20.18.5.11,172.28.4.7,57516,80,16,ACK,60
1257630986664103,172.28.4.7,20.18.5.11,80,57516,16,ACK,60
1257630986673533,11.6.70.13,172.28.4.7,13686,80,2,SYN,60
1257630986673666,172.28.4.7,11.6.70.13,80,13686,18,SYN+ACK,60
1257630986870662,172.28.4.7,20.18.5.11,80,54239,18,SYN+ACK,60
1257630986870665,172.28.4.7,16.16.174.14,80,32810,18,SYN+ACK,60
1257630986870667,172.28.4.7,20.21.128.24,80,29270,18,SYN+ACK,60
1257630986870670,172.28.4.7,20.38.7.15,80,30197,18,SYN+ACK,60
1257630986870671,172.28.4.7,1.23.177.16,80,44600,18,SYN+ACK,60
1257630986871027,16.16.174.14,172.28.4.7,32810,80,16,ACK,60
1257630986871045,20.21.128.24,172.28.4.7,29270,80,16,ACK,60
1257630986871112,1.23.177.16,172.28.4.7,44600,80,16,ACK,60
1257630986871195,20.18.5.11,172.28.4.7,54239,80,16,ACK,60
1257630986871204,172.28.4.7,16.16.174.14,80,32810,16,ACK,60
1257630986871206,172.28.4.7,20.21.128.24,80,29270,16,ACK,60
1257630986871258,172.28.4.7,1.23.177.16,80,44600,16,ACK,60
1257630986871343,172.28.4.7,20.18.5.11,80,54239,16,ACK,60
1257630987070588,172.28.4.7,20.38.7.15,80,22725,18,SYN+ACK,60
1257630987683653,15.231.243.19,172.28.4.7,23229,80,2,SYN,60
1257630987683789,172.28.4.7,15.231.243.19,80,23229,18,SYN+ACK,60
1257630987684033,20.21.128.24,172.28.4.7,58096,80,2,SYN,60
1257630987684167,172.28.4.7,20.21.128.24,80,58096,18,SYN+ACK,60
1257630987684474,20.21.128.24,172.28.4.7,58096,80,16,ACK,60
1257630987684608,172.28.4.7,20.21.128.24,80,58096,16,ACK,60
1257630987693658,1.23.177.16,172.28.4.7,5750,80,2,SYN,60
1257630987693793,172.28.4.7,1.23.177.16,80,5750,18,SYN+ACK,60
1257630987694148,1.23.177.16,172.28.4.7,5750,80,16,ACK,60
1257630987694282,172.28.4.7,1.23.177.16,80,5750,16,ACK,60
1257630988070909,172.28.4.7,5.180.127.39,80,24322,18,SYN+ACK,60
1257630988071378,5.180.127.39,172.28.4.7,24322,80,16,ACK,60
1257630988071637,172.28.4.7,5.180.127.39,80,24322,16,ACK,60
1257630988273113,172.28.4.7,20.18.5.11,80,46431,18,SYN+ACK,60
1257630988273446,20.18.5.11,172.28.4.7,46431,80,16,ACK,60
1257630988273579,172.28.4.7,20.18.5.11,80,46431,16,ACK,60
1257630988473018,172.28.4.7,20.18.5.11,80,51226,18,SYN+ACK,60
1257630988473331,20.18.5.11,172.28.4.7,51226,80,16,ACK,60
1257630988473466,172.28.4.7,20.18.5.11,80,51226,16,ACK,60
1257630988653580,5.180.127.39,172.28.4.7,60056,80,2,SYN,60
1257630988653715,172.28.4.7,5.180.127.39,80,60056,18,SYN+ACK,60
1257630988654077,5.180.127.39,172.28.4.7,60056,80,16,ACK,60
1257630988654212,172.28.4.7,5.180.127.39,80,60056,16,ACK,60
1257630988663578,16.5.197.28,172.28.4.7,3075,80,2,SYN,60
1257630988663712,172.28.4.7,16.5.197.28,80,3075,18,SYN+ACK,60
1257630988672923,172.28.4.7,16.16.174.14,80,26921,18,SYN+ACK,60
1257630988673237,16.16.174.14,172.28.4.7,26921,80,16,ACK,60
1257630988673371,172.28.4.7,16.16.174.14,80,26921,16,ACK,60
1257630988673562,20.38.7.15,172.28.4.7,58924,80,2,SYN,60
1257630988673696,172.28.4.7,20.38.7.15,80,58924,18,SYN+ACK,60
1257630988872827,172.28.4.7,20.38.7.15,80,34561,18,SYN+ACK,60
1257630989072730,172.28.4.7,20.21.128.24,80,59622,18,SYN+ACK,60
1257630989073073,20.21.128.24,172.28.4.7,59622,80,16,ACK,60
1257630989073200,172.28.4.7,20.21.128.24,80,59622,16,ACK,60
1257630989472541,172.28.4.7,1.23.177.16,80,53262,18,SYN+ACK,60
1257630989472885,1.23.177.16,172.28.4.7,53262,80,16,ACK,60
1257630989473019,172.28.4.7,1.23.177.16,80,53262,16,ACK,60
1257630989653662,9.248.204.55,172.28.4.7,24172,80,2,SYN,60
1257630989653796,172.28.4.7,9.248.204.55,80,24172,18,SYN+ACK,60
1257630989663608,16.16.174.14,172.28.4.7,43234,80,2,SYN,60
1257630989663765,172.28.4.7,16.16.174.14,80,43234,18,SYN+ACK,60
1257630989664071,16.16.174.14,172.28.4.7,43234,80,16,ACK,60
1257630989664205,172.28.4.7,16.16.174.14,80,43234,16,ACK,60
1257630989672450,172.28.4.7,20.38.7.15,80,27862,18,SYN+ACK,60
1257630989872359,172.28.4.7,5.180.127.39,80,60508,18,SYN+ACK,60
1257630989872363,172.28.4.7,1.23.177.16,80,57769,18,SYN+ACK,60
1257630989872364,172.28.4.7,20.21.128.24,80,9492,18,SYN+ACK,60
1257630989872699,5.180.127.39,172.28.4.7,60508,80,16,ACK,60
1257630989872833,172.28.4.7,5.180.127.39,80,60508,16,ACK,60
1257630989872837,1.23.177.16,172.28.4.7,57769,80,16,ACK,60
1257630989872920,20.21.128.24,172.28.4.7,9492,80,16,ACK,60
1257630989872972,172.28.4.7,1.23.177.16,80,57769,16,ACK,60
1257630989873056,172.28.4.7,20.21.128.24,80,9492,16,ACK,60
1257630990072261,172.28.4.7,1.23.177.16,80,12965,18,SYN+ACK,60
1257630990072264,172.28.4.7,5.180.127.39,80,23656,18,SYN+ACK,60
1257630990072267,172.28.4.7,5.180.127.39,80,22488,18,SYN+ACK,60
1257630990072630,5.180.127.39,172.28.4.7,23656,80,16,ACK,60
1257630990072660,5.180.127.39,172.28.4.7,22488,80,16,ACK,60
1257630990072720,1.23.177.16,172.28.4.7,12965,80,16,ACK,60
1257630990072773,172.28.4.7,5.180.127.39,80,23656,16,ACK,60
1257630990072808,172.28.4.7,5.180.127.39,80,22488,16,ACK,60
1257630990072862,172.28.4.7,1.23.177.16,80,12965,16,ACK,60
1257630990663625,20.18.5.11,172.28.4.7,53043,80,2,SYN,60
1257630990663761,172.28.4.7,20.18.5.11,80,53043,18,SYN+ACK,60
1257630990664071,20.18.5.11,172.28.4.7,53043,80,16,ACK,60
1257630990664207,172.28.4.7,20.18.5.11,80,53043,16,ACK,60
1257630990671971,172.28.4.7,20.18.5.11,80,57516,18,SYN+ACK,60
1257630990672284,20.18.5.11,172.28.4.7,57516,80,16,ACK,60
1257630990672417,172.28.4.7,20.18.5.11,80,57516,16,ACK,60
1257630990673676,11.6.70.13,172.28.4.7,18020,80,2,SYN,60
1257630990673811,172.28.4.7,11.6.70.13,80,18020,18,SYN+ACK,60
1257630991268569,172.28.4.7,1.23.177.16,80,5750,18,SYN+ACK,60
1257630991268918,1.23.177.16,172.28.4.7,5750,80,16,ACK,60
1257630991269053,172.28.4.7,1.23.177.16,80,5750,16,ACK,60
1257630991471589,172.28.4.7,16.16.174.14,80,19040,18,SYN+ACK,60
1257630991471917,16.16.174.14,172.28.4.7,19040,80,16,ACK,60
1257630991472052,172.28.4.7,16.16.174.14,80,19040,16,ACK,60
1257630991671493,172.28.4.7,16.16.174.14,80,21530,18,SYN+ACK,60
1257630991671876,16.16.174.14,172.28.4.7,21530,80,16,ACK,60
1257630991672010,172.28.4.7,16.16.174.14,80,21530,16,ACK,60
1257630991683797,15.231.243.19,172.28.4.7,12065,80,2,SYN,60
1257630991683930,172.28.4.7,15.231.243.19,80,12065,18,SYN+ACK,60
1257630991684216,20.21.128.24,172.28.4.7,32687,80,2,SYN,60
1257630991684351,172.28.4.7,20.21.128.24,80,32687,18,SYN+ACK,60
1257630991684655,20.21.128.24,172.28.4.7,32687,80,16,ACK,60
1257630991684789,172.28.4.7,20.21.128.24,80,32687,16,ACK,60
1257630991693814,1.23.177.16,172.28.4.7,53849,80,2,SYN,60
1257630991693949,172.28.4.7,1.23.177.16,80,53849,18,SYN+ACK,60
1257630991694275,1.23.177.16,172.28.4.7,53849,80,16,ACK,60
1257630991694411,172.28.4.7,1.23.177.16,80,53849,16,ACK,60
1257630992068190,172.28.4.7,20.21.128.24,80,58096,18,SYN+ACK,60
1257630992068193,172.28.4.7,5.180.127.39,80,60056,18,SYN+ACK,60
1257630992068515,20.21.128.24,172.28.4.7,58096,80,16,ACK,60
1257630992068599,5.180.127.39,172.28.4.7,60056,80,16,ACK,60
1257630992068650,172.28.4.7,20.21.128.24,80,58096,16,ACK,60
1257630992068737,172.28.4.7,5.180.127.39,80,60056,16,ACK,60
1257630992271206,172.28.4.7,20.18.5.11,80,43286,18,SYN+ACK,60
1257630992271575,20.18.5.11,172.28.4.7,43286,80,16,ACK,60
1257630992271711,172.28.4.7,20.18.5.11,80,43286,16,ACK,60
1257630992468018,172.28.4.7,20.38.7.15,80,58924,18,SYN+ACK,60
1257630992653772,5.180.127.39,172.28.4.7,56772,80,2,SYN,60
1257630992653907,172.28.4.7,5.180.127.39,80,56772,18,SYN+ACK,60
1257630992654254,5.180.127.39,172.28.4.7,56772,80,16,ACK,60
1257630992654379,172.28.4.7,5.180.127.39,80,56772,16,ACK,60
1257630992663784,16.5.197.28,172.28.4.7,6298,80,2,SYN,60
1257630992663942,172.28.4.7,16.5.197.28,80,6298,18,SYN+ACK,60
1257630992673709,20.38.7.15,172.28.4.7,42456,80,2,SYN,60
1257630992673843,172.28.4.7,20.38.7.15,80,42456,18,SYN+ACK,60
1257630992870925,172.28.4.7,20.18.5.11,80,54239,18,SYN+ACK,60
1257630992870928,172.28.4.7,20.21.128.24,80,29270,18,SYN+ACK,60
1257630992870929,172.28.4.7,16.16.174.14,80,43234,18,SYN+ACK,60
1257630992871357,20.18.5.11,172.28.4.7,54239,80,16,ACK,60
1257630992871360,16.16.174.14,172.28.4.7,43234,80,16,ACK,60
1257630992871479,20.21.128.24,172.28.4.7,29270,80,16,ACK,60
1257630992871497,172.28.4.7,20.18.5.11,80,54239,16,ACK,60
1257630992871500,172.28.4.7,16.16.174.14,80,43234,16,ACK,60
1257630992871611,172.28.4.7,20.21.128.24,80,29270,16,ACK,60
1257630993070825,172.28.4.7,1.23.177.16,80,44600,18,SYN+ACK,60
1257630993071167,1.23.177.16,172.28.4.7,44600,80,16,ACK,60
1257630993071300,172.28.4.7,1.23.177.16,80,44600,16,ACK,60
1257630993470633,172.28.4.7,1.23.177.16,80,42536,18,SYN+ACK,60
1257630993470980,1.23.177.16,172.28.4.7,42536,80,16,ACK,60
1257630993471114,172.28.4.7,1.23.177.16,80,42536,16,ACK,60
1257630993653815,9.248.204.55,172.28.4.7,60240,80,2,SYN,60
1257630993653950,172.28.4.7,9.248.204.55,80,60240,18,SYN+ACK,60
1257630993663769,16.16.174.14,172.28.4.7,60577,80,2,SYN,60
1257630993663903,172.28.4.7,16.16.174.14,80,60577,18,SYN+ACK,60
1257630993664219,16.16.174.14,172.28.4.7,60577,80,16,ACK,60
1257630993664354,172.28.4.7,16.16.174.14,80,60577,16,ACK,60
1257630993870444,172.28.4.7,15.231.243.19,80,23609,18,SYN+ACK,60
1257630994070356,172.28.4.7,20.21.128.24,80,4911,18,SYN+ACK,60
1257630994070360,172.28.4.7,5.180.127.39,80,27495,18,SYN+ACK,60
1257630994070363,172.28.4.7,5.180.127.39,80,24322,18,SYN+ACK,60
1257630994070697,20.21.128.24,172.28.4.7,4911,80,16,ACK,60
1257630994070755,5.180.127.39,172.28.4.7,27495,80,16,ACK,60
1257630994070792,5.180.127.39,172.28.4.7,24322,80,16,ACK,60
1257630994070845,172.28.4.7,20.21.128.24,80,4911,16,ACK,60
1257630994070900,172.28.4.7,5.180.127.39,80,27495,16,ACK,60
1257630994070936,172.28.4.7,5.180.127.39,80,24322,16,ACK,60
1257630994470160,172.28.4.7,20.38.7.15,80,26763,18,SYN+ACK,60
1257630994663782,20.18.5.11,172.28.4.7,54802,80,2,SYN,60
1257630994663917,172.28.4.7,20.18.5.11,80,54802,18,SYN+ACK,60
1257630994664294,20.18.5.11,172.28.4.7,54802,80,16,ACK,60
1257630994664429,172.28.4.7,20.18.5.11,80,54802,16,ACK,60
1257630994666941,172.28.4.7,5.180.127.39,80,30898,18,SYN+ACK,60
1257630994666945,172.28.4.7,16.16.174.14,80,26921,18,SYN+ACK,60
1257630994667270,5.180.127.39,172.28.4.7,30898,80,16,ACK,60
1257630994667348,16.16.174.14,172.28.4.7,26921,80,16,ACK,60
1257630994667403,172.28.4.7,5.180.127.39,80,30898,16,ACK,60
1257630994667480,172.28.4.7,16.16.174.14,80,26921,16,ACK,60
1257630994673835,11.6.70.13,172.28.4.7,3034,80,2,SYN,60
1257630994673969,172.28.4.7,11.6.70.13,80,3034,18,SYN+ACK,60
1257630994869971,172.28.4.7,20.38.7.15,80,34561,18,SYN+ACK,60
1257630995069872,172.28.4.7,20.18.5.11,80,53043,18,SYN+ACK,60
1257630995070195,20.18.5.11,172.28.4.7,53043,80,16,ACK,60
1257630995070330,172.28.4.7,20.18.5.11,80,53043,16,ACK,60
1257630995669591,172.28.4.7,16.16.174.14,80,59385,18,SYN+ACK,60
1257630995669963,16.16.174.14,172.28.4.7,59385,80,16,ACK,60
1257630995670098,172.28.4.7,16.16.174.14,80,59385,16,ACK,60
1257630995683950,15.231.243.19,172.28.4.7,36090,80,2,SYN,60
1257630995684085,172.28.4.7,15.231.243.19,80,36090,18,SYN+ACK,60
1257630995684403,20.21.128.24,172.28.4.7,18815,80,2,SYN,60
1257630995684538,172.28.4.7,20.21.128.24,80,18815,18,SYN+ACK,60
1257630995684876,20.21.128.24,172.28.4.7,18815,80,16,ACK,60
1257630995685009,172.28.4.7,20.21.128.24,80,18815,16,ACK,60
1257630995693971,1.23.177.16,172.28.4.7,59608,80,2,SYN,60
1257630995694105,172.28.4.7,1.23.177.16,80,59608,18,SYN+ACK,60
1257630995694449,1.23.177.16,172.28.4.7,59608,80,16,ACK,60
1257630995694583,172.28.4.7,1.23.177.16,80,59608,16,ACK,60
1257630996069396,172.28.4.7,20.21.128.24,80,32687,18,SYN+ACK,60
1257630996069732,20.21.128.24,172.28.4.7,32687,80,16,ACK,60
1257630996069866,172.28.4.7,20.21.128.24,80,32687,16,ACK,60
1257630996266190,172.28.4.7,5.180.127.39,80,56772,18,SYN+ACK,60
1257630996266506,5.180.127.39,172.28.4.7,56772,80,16,ACK,60
1257630996266644,172.28.4.7,5.180.127.39,80,56772,16,ACK,60
1257630996653922,5.180.127.39,172.28.4.7,59079,80,2,SYN,60
1257630996654056,172.28.4.7,5.180.127.39,80,59079,18,SYN+ACK,60
1257630996654384,5.180.127.39,172.28.4.7,59079,80,16,ACK,60
1257630996654520,172.28.4.7,5.180.127.39,80,59079,16,ACK,60
1257630996663883,16.5.197.28,172.28.4.7,9253,80,2,SYN,60
1257630996664018,172.28.4.7,16.5.197.28,80,9253,18,SYN+ACK,60
1257630996665974,172.28.4.7,20.18.5.11,80,1648,18,SYN+ACK,60
1257630996665977,172.28.4.7,9.248.204.55,80,60240,18,SYN+ACK,60
1257630996665979,172.28.4.7,20.18.5.11,80,57516,18,SYN+ACK,60
1257630996665982,172.28.4.7,20.38.7.15,80,42456,18,SYN+ACK,60
1257630996665983,172.28.4.7,20.21.128.24,80,34817,18,SYN+ACK,60
1257630996666339,20.21.128.24,172.28.4.7,34817,80,16,ACK,60
1257630996666423,20.18.5.11,172.28.4.7,1648,80,16,ACK,60
1257630996666450,20.18.5.11,172.28.4.7,57516,80,16,ACK,60
1257630996666473,172.28.4.7,20.21.128.24,80,34817,16,ACK,60
1257630996666547,172.28.4.7,20.18.5.11,80,1648,16,ACK,60
1257630996666579,172.28.4.7,20.18.5.11,80,57516,16,ACK,60
1257630996673863,20.38.7.15,172.28.4.7,43126,80,2,SYN,60
1257630996673996,172.28.4.7,20.38.7.15,80,43126,18,SYN+ACK,60
1257630996865893,172.28.4.7,20.21.128.24,80,46212,18,SYN+ACK,60
1257630996866199,20.21.128.24,172.28.4.7,46212,80,16,ACK,60
1257630996866334,172.28.4.7,20.21.128.24,80,46212,16,ACK,60
1257630997065793,172.28.4.7,20.18.5.11,80,17106,18,SYN+ACK,60
1257630997066115,20.18.5.11,172.28.4.7,17106,80,16,ACK,60
1257630997066249,172.28.4.7,20.18.5.11,80,17106,16,ACK,60
1257630997268828,172.28.4.7,16.16.174.14,80,60577,18,SYN+ACK,60
1257630997268831,172.28.4.7,20.21.128.24,80,23134,18,SYN+ACK,60
1257630997268834,172.28.4.7,1.23.177.16,80,5750,18,SYN+ACK,60
1257630997269181,20.21.128.24,172.28.4.7,23134,80,16,ACK,60
1257630997269214,1.23.177.16,172.28.4.7,5750,80,16,ACK,60
1257630997269279,16.16.174.14,172.28.4.7,60577,80,16,ACK,60
1257630997269325,172.28.4.7,20.21.128.24,80,23134,16,ACK,60
1257630997269356,172.28.4.7,1.23.177.16,80,5750,16,ACK,60
1257630997269421,172.28.4.7,16.16.174.14,80,60577,16,ACK,60
1257630997468725,172.28.4.7,1.23.177.16,80,18267,18,SYN+ACK,60
1257630997469059,1.23.177.16,172.28.4.7,18267,80,16,ACK,60
1257630997469192,172.28.4.7,1.23.177.16,80,18267,16,ACK,60
1257630997653972,9.248.204.55,172.28.4.7,28749,80,2,SYN,60
1257630997654201,172.28.4.7,9.248.204.55,80,28749,18,SYN+ACK,60
1257630997663923,16.16.174.14,172.28.4.7,12789,80,2,SYN,60
1257630997664058,172.28.4.7,16.16.174.14,80,12789,18,SYN+ACK,60
1257630997664391,16.16.174.14,172.28.4.7,12789,80,16,ACK,60
1257630997664527,172.28.4.7,16.16.174.14,80,12789,16,ACK,60
1257630997668631,172.28.4.7,1.23.177.16,80,1445,18,SYN+ACK,60
1257630997668968,1.23.177.16,172.28.4.7,1445,80,16,ACK,60
1257630997669101,172.28.4.7,1.23.177.16,80,1445,16,ACK,60
1257630997865423,172.28.4.7,5.180.127.39,80,50756,18,SYN+ACK,60
1257630997865763,5.180.127.39,172.28.4.7,50756,80,16,ACK,60
1257630997865898,172.28.4.7,5.180.127.39,80,50756,16,ACK,60
1257630998065328,172.28.4.7,20.21.128.24,80,58096,18,SYN+ACK,60
1257630998065331,172.28.4.7,5.180.127.39,80,60056,18,SYN+ACK,60
1257630998065696,5.180.127.39,172.28.4.7,60056,80,16,ACK,60
1257630998065699,20.21.128.24,172.28.4.7,58096,80,16,ACK,60
1257630998065840,172.28.4.7,5.180.127.39,80,60056,16,ACK,60
1257630998065843,172.28.4.7,20.21.128.24,80,58096,16,ACK,60
1257630998268345,172.28.4.7,5.180.127.39,80,53528,18,SYN+ACK,60
1257630998268664,5.180.127.39,172.28.4.7,53528,80,16,ACK,60
1257630998268799,172.28.4.7,5.180.127.39,80,53528,16,ACK,60
1257630998468254,172.28.4.7,20.38.7.15,80,41124,18,SYN+ACK,60
1257630998468255,172.28.4.7,20.38.7.15,80,58924,18,SYN+ACK,60
1257630998663918,20.18.5.11,172.28.4.7,45933,80,2,SYN,60
1257630998664067,172.28.4.7,20.18.5.11,80,45933,18,SYN+ACK,60
1257630998664417,20.18.5.11,172.28.4.7,45933,80,16,ACK,60
1257630998664552,172.28.4.7,20.18.5.11,80,45933,16,ACK,60
1257630998665027,172.28.4.7,20.18.5.11,80,54802,18,SYN+ACK,60
1257630998665345,20.18.5.11,172.28.4.7,54802,80,16,ACK,60
1257630998665478,172.28.4.7,20.18.5.11,80,54802,16,ACK,60
1257630998673984,11.6.70.13,172.28.4.7,28017,80,2,SYN,60
1257630998674122,172.28.4.7,11.6.70.13,80,28017,18,SYN+ACK,60
1257630998867027,172.28.4.7,16.16.174.14,80,32810,18,SYN+ACK,60
1257630998867695,16.16.174.14,172.28.4.7,32810,80,16,ACK,60
1257630998867881,172.28.4.7,16.16.174.14,80,32810,16,ACK,60
1257630999064849,172.28.4.7,16.16.174.14,80,43234,18,SYN+ACK,60
1257630999064852,172.28.4.7,20.38.7.15,80,22725,18,SYN+ACK,60
1257630999065197,16.16.174.14,172.28.4.7,43234,80,16,ACK,60
1257630999065332,172.28.4.7,16.16.174.14,80,43234,16,ACK,60
1257630999267869,172.28.4.7,1.23.177.16,80,59608,18,SYN+ACK,60
1257630999268193,1.23.177.16,172.28.4.7,59608,80,16,ACK,60
1257630999268328,172.28.4.7,1.23.177.16,80,59608,16,ACK,60
1257630999664561,172.28.4.7,5.180.127.39,80,59079,18,SYN+ACK,60
1257630999664564,172.28.4.7,16.5.197.28,80,9253,18,SYN+ACK,60
1257630999664914,5.180.127.39,172.28.4.7,59079,80,16,ACK,60
1257630999665050,172.28.4.7,5.180.127.39,80,59079,16,ACK,60
1257630999684101,15.231.243.19,172.28.4.7,27312,80,2,SYN,60
1257630999684235,172.28.4.7,15.231.243.19,80,27312,18,SYN+ACK,60
1257630999684603,20.21.128.24,172.28.4.7,49053,80,2,SYN,60
1257630999684737,172.28.4.7,20.21.128.24,80,49053,18,SYN+ACK,60
1257630999685043,20.21.128.24,172.28.4.7,49053,80,16,ACK,60
1257630999685178,172.28.4.7,20.21.128.24,80,49053,16,ACK,60
1257630999694125,1.23.177.16,172.28.4.7,27390,80,2,SYN,60
1257630999694259,172.28.4.7,1.23.177.16,80,27390,18,SYN+ACK,60
1257630999694580,1.23.177.16,172.28.4.7,27390,80,16,ACK,60
1257630999694714,172.28.4.7,1.23.177.16,80,27390,16,ACK,60
1257631000067493,172.28.4.7,16.16.174.14,80,58443,18,SYN+ACK,60
1257631000067842,16.16.174.14,172.28.4.7,58443,80,16,ACK,60
1257631000067976,172.28.4.7,16.16.174.14,80,58443,16,ACK,60
1257631000264270,172.28.4.7,20.21.128.24,80,18815,18,SYN+ACK,60
1257631000264580,20.21.128.24,172.28.4.7,18815,80,16,ACK,60
1257631000264716,172.28.4.7,20.21.128.24,80,18815,16,ACK,60
1257631000464176,172.28.4.7,20.18.5.11,80,51226,18,SYN+ACK,60
1257631000464530,20.18.5.11,172.28.4.7,51226,80,16,ACK,60
1257631000464665,172.28.4.7,20.18.5.11,80,51226,16,ACK,60
1257631000654075,5.180.127.39,172.28.4.7,25249,80,2,SYN,60
1257631000654211,172.28.4.7,5.180.127.39,80,25249,18,SYN+ACK,60
1257631000654564,5.180.127.39,172.28.4.7,25249,80,16,ACK,60
1257631000654699,172.28.4.7,5.180.127.39,80,25249,16,ACK,60
1257631000664036,16.5.197.28,172.28.4.7,56956,80,2,SYN,60
1257631000664090,172.28.4.7,16.16.174.14,80,12789,18,SYN+ACK,60
1257631000664171,172.28.4.7,16.5.197.28,80,56956,18,SYN+ACK,60
1257631000664401,16.16.174.14,172.28.4.7,12789,80,16,ACK,60
1257631000664534,172.28.4.7,16.16.174.14,80,12789,16,ACK,60
1257631000674020,20.38.7.15,172.28.4.7,52483,80,2,SYN,60
1257631000674155,172.28.4.7,20.38.7.15,80,52483,18,SYN+ACK,60
1257631000863983,172.28.4.7,20.38.7.15,80,43126,18,SYN+ACK,60
1257631000863987,172.28.4.7,20.18.5.11,80,46672,18,SYN+ACK,60
1257631000864344,20.18.5.11,172.28.4.7,46672,80,16,ACK,60
1257631000864477,172.28.4.7,20.18.5.11,80,46672,16,ACK,60
1257631001063896,172.28.4.7,20.18.5.11,80,53043,18,SYN+ACK,60
1257631001063899,172.28.4.7,1.23.177.16,80,5459,18,SYN+ACK,60
1257631001064271,1.23.177.16,172.28.4.7,5459,80,16,ACK,60
1257631001064313,20.18.5.11,172.28.4.7,53043,80,16,ACK,60
1257631001064412,172.28.4.7,1.23.177.16,80,5459,16,ACK,60
1257631001064463,172.28.4.7,20.18.5.11,80,53043,16,ACK,60
1257631001654128,9.248.204.55,172.28.4.7,52857,80,2,SYN,60
1257631001654263,172.28.4.7,9.248.204.55,80,52857,18,SYN+ACK,60
1257631001664073,16.16.174.14,172.28.4.7,27000,80,2,SYN,60
1257631001664209,172.28.4.7,16.16.174.14,80,27000,18,SYN+ACK,60
1257631001664517,16.16.174.14,172.28.4.7,27000,80,16,ACK,60
1257631001664651,172.28.4.7,16.16.174.14,80,27000,16,ACK,60
1257631001666730,172.28.4.7,1.23.177.16,80,53262,18,SYN+ACK,60
1257631001666733,172.28.4.7,20.18.5.11,80,45933,18,SYN+ACK,60
1257631001667058,1.23.177.16,172.28.4.7,53262,80,16,ACK,60
1257631001667118,20.18.5.11,172.28.4.7,45933,80,16,ACK,60
1257631001667198,172.28.4.7,1.23.177.16,80,53262,16,ACK,60
1257631001667257,172.28.4.7,20.18.5.11,80,45933,16,ACK,60
1257631001866630,172.28.4.7,20.38.7.15,80,27862,18,SYN+ACK,60
1257631002066526,172.28.4.7,20.21.128.24,80,9492,18,SYN+ACK,60
1257631002066530,172.28.4.7,20.21.128.24,80,32687,18,SYN+ACK,60
1257631002066532,172.28.4.7,20.21.128.24,80,34779,18,SYN+ACK,60
1257631002066535,172.28.4.7,5.180.127.39,80,1358,18,SYN+ACK,60
1257631002066536,172.28.4.7,5.180.127.39,80,23656,18,SYN+ACK,60
1257631002066808,20.21.128.24,172.28.4.7,9492,80,16,ACK,60
1257631002066839,20.21.128.24,172.28.4.7,32687,80,16,ACK,60
1257631002066869,20.21.128.24,172.28.4.7,34779,80,16,ACK,60
1257631002066926,5.180.127.39,172.28.4.7,1358,80,16,ACK,60
1257631002066952,172.28.4.7,20.21.128.24,80,9492,16,ACK,60
1257631002066963,5.180.127.39,172.28.4.7,23656,80,16,ACK,60
1257631002066983,172.28.4.7,20.21.128.24,80,32687,16,ACK,60
1257631002067012,172.28.4.7,20.21.128.24,80,34779,16,ACK,60
1257631002067067,172.28.4.7,5.180.127.39,80,1358,16,ACK,60
1257631002067107,172.28.4.7,5.180.127.39,80,23656,16,ACK,60
1257631002263317,172.28.4.7,5.180.127.39,80,56772,18,SYN+ACK,60
1257631002263644,5.180.127.39,172.28.4.7,56772,80,16,ACK,60
1257631002263778,172.28.4.7,5.180.127.39,80,56772,16,ACK,60
1257631002663135,172.28.4.7,20.38.7.15,80,42456,18,SYN+ACK,60
1257631002664091,20.18.5.11,172.28.4.7,56599,80,2,SYN,60
1257631002664227,172.28.4.7,20.18.5.11,80,56599,18,SYN+ACK,60
1257631002664582,20.18.5.11,172.28.4.7,56599,80,16,ACK,60
1257631002664716,172.28.4.7,20.18.5.11,80,56599,16,ACK,60
1257631002674135,11.6.70.13,172.28.4.7,20169,80,2,SYN,60
1257631002674268,172.28.4.7,11.6.70.13,80,20169,18,SYN+ACK,60
1257631002863054,172.28.4.7,20.21.128.24,80,49053,18,SYN+ACK,60
1257631002863356,20.21.128.24,172.28.4.7,49053,80,16,ACK,60
1257631002863489,172.28.4.7,20.21.128.24,80,49053,16,ACK,60
1257631003066059,172.28.4.7,20.38.7.15,80,52965,18,SYN+ACK,60
1257631003262860,172.28.4.7,16.16.174.14,80,60577,18,SYN+ACK,60
1257631003262864,172.28.4.7,16.16.174.14,80,56879,18,SYN+ACK,60
1257631003263277,16.16.174.14,172.28.4.7,60577,80,16,ACK,60
1257631003263301,16.16.174.14,172.28.4.7,56879,80,16,ACK,60
1257631003263419,172.28.4.7,16.16.174.14,80,60577,16,ACK,60
1257631003263448,172.28.4.7,16.16.174.14,80,56879,16,ACK,60
1257631003465869,172.28.4.7,16.16.174.14,80,19040,18,SYN+ACK,60
1257631003466178,16.16.174.14,172.28.4.7,19040,80,16,ACK,60
1257631003466313,172.28.4.7,16.16.174.14,80,19040,16,ACK,60
1257631003684252,15.231.243.19,172.28.4.7,17694,80,2,SYN,60
1257631003684388,172.28.4.7,15.231.243.19,80,17694,18,SYN+ACK,60
1257631003684780,20.21.128.24,172.28.4.7,26021,80,2,SYN,60
1257631003684914,172.28.4.7,20.21.128.24,80,26021,18,SYN+ACK,60
1257631003685223,20.21.128.24,172.28.4.7,26021,80,16,ACK,60
1257631003685358,172.28.4.7,20.21.128.24,80,26021,16,ACK,60
