start_time,src_port,dst_port,close_type,packets
1257260210806010,32771,25,2,"0:2:1,597:18:0,784:16:1,1019449:24:0,1019639:16:1,1019645:24:1,1019896:16:0,1020103:24:0,1020296:24:1,1023789:24:0,1023965:24:1,1026851:24:0,1027021:24:1,1027347:24:0,1027543:24:1,1027550:25:1,1027818:16:0,1062845:24:0,1063047:4:1"
1257263743206379,32821,25,2,"0:2:1,251:18:0,396:16:1,1004662:24:0,1004855:16:1,1004860:24:1,1005132:16:0,1005187:24:0,1005367:24:1,1008836:24:0,1009018:24:1,1018523:24:0,1018726:24:1,1019191:24:0,1019432:24:1,1019439:25:1,1019689:16:0,1175235:24:0,1175502:4:1"
1257343240367217,32822,113,4,"0:2:0,155:20:1"
1257372269780199,32891,25,2,"0:2:1,250:18:0,396:16:1,1010293:24:0,1010481:16:1,1010487:24:1,1010740:16:0,1010810:24:0,1010982:24:1,1014411:24:0,1014592:24:1,1017392:24:0,1017561:24:1,1017861:24:0,1018042:24:1,1018050:25:1,1018315:16:0,1030982:24:0,1031130:4:1"
1257327278458669,32917,25,2,"0:2:1,249:18:0,397:16:1,1006778:24:0,1006969:16:1,1006974:24:1,1007226:16:0,1007287:24:0,1007462:24:1,1010892:24:0,1011063:24:1,1014473:24:0,1014638:24:1,1014938:24:0,1015130:24:1,1015137:25:1,1015411:16:0,1081263:24:0,1081411:4:1"
1257260112227796,32952,113,4,"0:2:0,155:20:1"
1257327282580380,32952,25,2,"0:2:1,247:18:0,395:16:1,1004641:24:0,1004827:16:1,1004832:24:1,1005082:16:0,1005147:24:0,1005325:24:1,1008736:24:0,1008909:24:1,1012151:24:0,1012324:24:1,1012615:24:0,1012803:24:1,1012810:25:1,1013071:16:0,1065697:24:0,1065848:4:1"
1257260208737698,33007,25,2,"0:2:1,424:18:0,621:16:1,1010784:24:0,1010976:16:1,1010982:24:1,1011234:16:0,1011288:24:0,1011463:24:1,1014988:24:0,1015163:24:1,1018048:24:0,1018218:24:1,1018513:24:0,1018706:24:1,1018711:25:1,1018968:16:0,1075351:24:0,1075549:4:1"
1257343138019343,33121,25,2,"0:2:1,253:18:0,397:16:1,1009920:24:0,1010110:16:1,1010115:24:1,1010580:16:0,1010606:24:0,1010804:24:1,1014516:24:0,1014735:24:1,1018120:24:0,1018333:24:1,1018901:24:0,1019134:24:1,1019141:25:1,1019538:16:0,1030560:24:0,1030758:4:1"
1257343070259133,33128,25,2,"0:2:1,252:18:0,397:16:1,1008847:24:0,1009100:16:1,1009106:24:1,1009593:16:0,1009658:24:0,1009898:24:1,1013787:24:0,1014006:24:1,1017361:24:0,1017535:24:1,1017817:24:0,1018000:24:1,1018007:25:1,1018278:16:0,1025547:24:0,1025692:4:1"
1257260292427229,33140,25,2,"0:2:1,241:18:0,389:16:1,1003025:24:0,1003282:16:1,1003294:24:1,1003758:16:0,1003759:24:0,1003975:24:1,1007481:24:0,1007651:24:1,1010539:24:0,1010771:24:1,1011155:24:0,1011383:24:1,1011390:25:1,1011738:16:0,1033001:24:0,1033150:4:1"
1257263790518985,33324,25,2,"0:2:1,1599:18:0,1808:16:1,1010896:24:0,1011092:16:1,1011098:24:1,1011537:16:0,1011553:24:0,1011769:24:1,1015289:24:0,1015461:24:1,1018565:24:0,1018711:24:1,1018992:24:0,1019177:24:1,1019184:25:1,1019453:16:0,1029489:24:0,1029693:4:1"
1257260182421623,33391,25,2,"0:2:1,336:18:0,525:16:1,1004693:24:0,1004892:16:1,1004897:24:1,1005171:16:0,1005271:24:0,1005439:24:1,1009478:24:0,1009692:24:1,1012617:24:0,1012827:24:1,1013459:24:0,1013704:24:1,1013712:25:1,1014467:16:0,1169385:24:0,1169551:4:1"
1257343175563875,33402,25,2,"0:2:1,253:18:0,398:16:1,1012744:24:0,1012957:16:1,1012964:24:1,1013485:16:0,1013561:24:0,1013795:24:1,1017484:24:0,1017726:24:1,1021003:24:0,1021175:24:1,1021458:24:0,1021647:24:1,1021654:25:1,1021923:16:0,1031388:24:0,1031534:4:1"
1257327243431420,33469,25,2,"0:2:1,246:18:0,394:16:1,1012965:24:0,1013152:16:1,1013158:24:1,1013405:16:0,1013456:24:0,1013626:24:1,1017207:24:0,1017459:24:1,1020262:24:0,1020423:24:1,1020782:24:0,1021012:24:1,1021018:25:1,1021339:16:0,1085252:24:0,1085401:4:1"
1257336160379279,33545,113,4,"0:2:0,6146:20:1"
1257260137546909,33631,25,2,"0:2:1,240:18:0,385:16:1,1005013:24:0,1005202:16:1,1005207:24:1,1005458:16:0,1005532:24:0,1005706:24:1,1009342:24:0,1009566:24:1,1012213:24:0,1012408:24:1,1012771:24:0,1012985:24:1,1012992:25:1,1013251:16:0,1022896:24:0,1023044:4:1"
1257343106248319,33663,25,2,"0:2:1,296:18:0,466:16:1,1003385:24:0,1003627:16:1,1003633:24:1,1003885:16:0,1004058:24:0,1004275:24:1,1007703:24:0,1007873:24:1,1011027:24:0,1011225:24:1,1011745:24:0,1011937:24:1,1011968:25:1,1012229:16:0,1021456:24:0,1021605:4:1"
1257263746332600,33672,25,2,"0:2:1,248:18:0,395:16:1,1005788:24:0,1005982:16:1,1005987:24:1,1006273:16:0,1008127:24:0,1008295:24:1,1011751:24:0,1011919:24:1,1015207:24:0,1015357:24:1,1015660:24:0,1015861:24:1,1015869:25:1,1016235:16:0,1059286:24:0,1059433:4:1"
1257327240335418,33742,25,2,"0:2:1,243:18:0,390:16:1,1008195:24:0,1008383:16:1,1008388:24:1,1008635:16:0,1008702:24:0,1008875:24:1,1012419:24:0,1012603:24:1,1015889:24:0,1016059:24:1,1016340:24:0,1016535:24:1,1016542:25:1,1016809:16:0,1042069:24:0,1042225:4:1"
1257327263021017,33852,25,2,"0:2:1,545:18:0,747:16:1,1009935:24:0,1010116:16:1,1010121:24:1,1010369:16:0,1010418:24:0,1010592:24:1,1014067:24:0,1014239:24:1,1017553:24:0,1017728:24:1,1018035:24:0,1018222:24:1,1018229:25:1,1018494:16:0,1067006:24:0,1067162:4:1"
1257260151941170,33898,113,4,"0:2:0,154:20:1"
1257343091868336,34224,25,2,"0:2:1,249:18:0,432:16:1,1009741:24:0,1009934:16:1,1009939:24:1,1010189:16:0,1010238:24:0,1010429:24:1,1014111:24:0,1014318:24:1,1017077:24:0,1017252:24:1,1017535:24:0,1017728:24:1,1017734:25:1,1018006:16:0,1026828:24:0,1027030:4:1"
1257343216677263,34440,25,2,"0:2:1,251:18:0,395:16:1,1002465:24:0,1002654:16:1,1002659:24:1,1003058:16:0,1003060:24:0,1003274:24:1,1006883:24:0,1007095:24:1,1010061:24:0,1010234:24:1,1010517:24:0,1010704:24:1,1010710:25:1,1010974:16:0,1069582:24:0,1069743:4:1"
1257327270232540,34527,25,2,"0:2:1,247:18:0,394:16:1,1011270:24:0,1011459:16:1,1011464:24:1,1011718:16:0,1011785:24:0,1011960:24:1,1015375:24:0,1015556:24:1,1018386:24:0,1018534:24:1,1018821:24:0,1019011:24:1,1019018:25:1,1019286:16:0,1064101:24:0,1064247:4:1"
1257260131067067,34608,113,4,"0:2:0,149:20:1"
1257336157295650,34704,113,4,"0:2:0,151:20:1"
1257336168586023,34822,113,4,"0:2:0,152:20:1"
1257372260440947,34908,113,4,"0:2:0,151:20:1"
1257327228811650,34912,113,4,"0:2:0,150:20:1"
1257327252722600,35006,113,4,"0:2:0,147:20:1"
1257260218037384,35052,113,4,"0:2:0,175:20:1"
1257372259406809,35100,25,2,"0:2:1,265:18:0,396:16:1,1013182:24:0,1013370:16:1,1013376:24:1,1013632:16:0,1013703:24:0,1013878:24:1,1017244:24:0,1017421:24:1,1020157:24:0,1020330:24:1,1020631:24:0,1020816:24:1,1020823:25:1,1021086:16:0,1028597:24:0,1028746:4:1"
1257260286184151,35103,113,4,"0:2:0,139:20:1"
1257343171483285,35107,25,2,"0:2:1,363:18:0,552:16:1,1005020:24:0,1005270:16:1,1005275:24:1,1005665:16:0,1005667:24:0,1005891:24:1,1009548:24:0,1009759:24:1,1012961:24:0,1013106:24:1,1013386:24:0,1013576:24:1,1013582:25:1,1013854:16:0,1033360:24:0,1033504:4:1"
1257327225727245,35138,25,2,"0:2:1,247:18:0,397:16:1,1006283:24:0,1006479:16:1,1006484:24:1,1006736:16:0,1006802:24:0,1006985:24:1,1010445:24:0,1010623:24:1,1017392:24:0,1017561:24:1,1017858:24:0,1018044:24:1,1018050:25:1,1018317:16:0,1033125:24:0,1033271:4:1"
1257343144184460,35172,25,2,"0:2:1,5416:18:0,5617:16:1,1032027:24:0,1032238:16:1,1032243:24:1,1032505:16:0,1032588:24:0,1032769:24:1,1036206:24:0,1036384:24:1,1039222:24:0,1039420:24:1,1039730:24:0,1039916:24:1,1039923:25:1,1040175:16:0,1047529:24:0,1047712:4:1"
1257327198948365,35284,113,4,"0:2:0,150:20:1"
1257263784310262,35310,113,4,"0:2:0,150:20:1"
1257260260422973,35372,25,2,"0:2:1,245:18:0,391:16:1,1012841:24:0,1013033:16:1,1013038:24:1,1013291:16:0,1013377:24:0,1013554:24:1,1017086:24:0,1017276:24:1,1020055:24:0,1020234:24:1,1020623:24:0,1020833:24:1,1020839:25:1,1021336:16:0,1075853:24:0,1076000:4:1"
1257343207428361,35397,25,2,"0:2:1,248:18:0,394:16:1,1004037:24:0,1004244:16:1,1004267:24:1,1004510:16:0,1004580:24:0,1004756:24:1,1008171:24:0,1008353:24:1,1011202:24:0,1011346:24:1,1011648:24:0,1011834:24:1,1011840:25:1,1012104:16:0,1073204:24:0,1073371:4:1"
1257327228809309,35436,25,2,"0:2:1,250:18:0,396:16:1,1019990:24:0,1020176:16:1,1020182:24:1,1020430:16:0,1020508:24:0,1020684:24:1,1024091:24:0,1024240:24:1,1027043:24:0,1027217:24:1,1027514:24:0,1027699:24:1,1027705:25:1,1027970:16:0,1069928:24:0,1070076:4:1"
1257260157076128,35466,25,2,"0:2:1,310:18:0,497:16:1,1009948:24:0,1010136:16:1,1010142:24:1,1010416:16:0,1010522:24:0,1010700:24:1,1014481:24:0,1014703:24:1,1018373:24:0,1018559:24:1,1018861:24:0,1019054:24:1,1019061:25:1,1019334:16:0,1019486:24:0,1019487:17:0,1019686:4:1,1019692:4:1"
1257343158135515,35471,113,4,"0:2:0,192:20:1"
1257263791553668,35527,113,4,"0:2:0,188:20:1"
1257327261983172,35551,25,2,"0:2:1,251:18:0,411:16:1,1019098:24:0,1019304:16:1,1019309:24:1,1019839:16:0,1019890:24:0,1020107:24:1,1023669:24:0,1023839:24:1,1026473:24:0,1026638:24:1,1026913:24:0,1027098:24:1,1027105:25:1,1027374:16:0,1062079:24:0,1062224:4:1"
1257260287213561,35633,113,4,"0:2:0,146:20:1"
1257260230437785,35647,113,4,"0:2:0,174:20:1"
1257372271860104,35707,113,4,"0:2:0,149:20:1"
1257336160377166,35916,25,2,"0:18:0,5754:2:1,6148:16:1,1025101:24:0,1025289:16:1,1025294:24:1,1025547:16:0,1025635:24:0,1025816:24:1,1029301:24:0,1029480:24:1,1032483:24:0,1032630:24:1,1032910:24:0,1033104:24:1,1033110:25:1,1033379:16:0,1054492:24:0,1054639:4:1"
1257343212563504,36014,113,4,"0:2:0,150:20:1"
1257260239746694,36040,113,4,"0:2:0,192:20:1"
1257343155044614,36112,25,2,"0:2:1,255:18:0,403:16:1,1014027:24:0,1014219:16:1,1014225:24:1,1014481:16:0,1014568:24:0,1014754:24:1,1018326:24:0,1018529:24:1,1021409:24:0,1021654:24:1,1022113:24:0,1022423:24:1,1022429:25:1,1022861:16:0,1084294:24:0,1084468:4:1"
1257327286703306,36122,113,4,"0:2:0,194:20:1"
1257327198945987,36155,25,2,"0:2:1,290:18:0,463:16:1,1012500:24:0,1012688:16:1,1012694:24:1,1012943:16:0,1013014:24:0,1013188:24:1,1016575:24:0,1016749:24:1,1042990:24:0,1043134:24:1,1043436:24:0,1043631:24:1,1043638:25:1,1043898:16:0,1091496:24:0,1091644:4:1"
1257336168583550,36155,25,2,"0:2:1,250:18:0,424:16:1,999106:24:0,999289:16:1,999294:24:1,999546:16:0,999616:24:0,999791:24:1,1003223:24:0,1003395:24:1,1006604:24:0,1006777:24:1,1007055:24:0,1007240:24:1,1007246:25:1,1007517:16:0,1015135:24:0,1015279:4:1"
1257260211846891,36221,113,4,"0:2:0,148:20:1"
1257260133395678,36516,25,2,"0:2:1,243:18:0,388:16:1,1026675:24:0,1026825:16:1,1026856:24:1,1027091:16:0,1027143:24:0,1027315:24:1,1030830:24:0,1031004:24:1,1033957:24:0,1034127:24:1,1034396:24:0,1034592:24:1,1034599:25:1,1034857:16:0,1104842:24:0,1105000:4:1"
1257260219080085,36575,25,2,"0:2:1,246:18:0,395:16:1,1027028:24:0,1027213:16:1,1027219:24:1,1027462:16:0,1027508:24:0,1027689:24:1,1031126:24:0,1031294:24:1,1034191:24:0,1034363:24:1,1034642:24:0,1034859:24:1,1034865:25:1,1035137:16:0,1048001:24:0,1048150:4:1"
1257263772897829,36646,25,2,"0:2:1,242:18:0,389:16:1,1004306:24:0,1004491:16:1,1004496:24:1,1004740:16:0,1004788:24:0,1004965:24:1,1008432:24:0,1008610:24:1,1011735:24:0,1011907:24:1,1012276:24:0,1012497:24:1,1012505:25:1,1012766:16:0,1030000:24:0,1030187:4:1"
1257343139054703,36708,113,4,"0:2:0,151:20:1"
1257263800829991,36758,25,2,"0:2:1,271:18:0,420:16:1,1002998:24:0,1003227:16:1,1003233:24:1,1003481:16:0,1003532:24:0,1003721:24:1,1007156:24:0,1007325:24:1,1010470:24:0,1010637:24:1,1010929:24:0,1011111:24:1,1011118:25:1,1011379:16:0,1021158:24:0,1021305:4:1"
1257263817327946,36958,25,2,"0:2:1,261:18:0,406:16:1,1003232:24:0,1003421:16:1,1003427:24:1,1003671:16:0,1003745:24:0,1003920:24:1,1007377:24:0,1007555:24:1,1010542:24:0,1010713:24:1,1011002:24:0,1011237:24:1,1011244:25:1,1011510:16:0,1018994:24:0,1019141:4:1"
1257372248135488,37014,25,2,"0:2:1,250:18:0,398:16:1,1003977:24:0,1004165:16:1,1004171:24:1,1004432:16:0,1004505:24:0,1004683:24:1,1008118:24:0,1008296:24:1,1011352:24:0,1011526:24:1,1011839:24:0,1012023:24:1,1012030:25:1,1012295:16:0,1023530:24:0,1023674:4:1"
1257343067181351,37060,113,4,"0:2:0,179:20:1"
1257343202279865,37062,113,4,"0:2:0,146:20:1"
1257343106250836,37244,113,4,"0:2:0,150:20:1"
1257343239329561,37368,25,2,"0:2:1,373:18:0,567:16:1,1010632:24:0,1010819:16:1,1010824:24:1,1011067:16:0,1011104:24:0,1011280:24:1,1014743:24:0,1014922:24:1,1023263:24:0,1023407:24:1,1023692:24:0,1023882:24:1,1023889:25:1,1024156:16:0,1120302:24:0,1120487:4:1"
1257327280519870,37449,25,2,"0:2:1,249:18:0,391:16:1,1005694:24:0,1005882:16:1,1005888:24:1,1006139:16:0,1006208:24:0,1006382:24:1,1009806:24:0,1009982:24:1,1013250:24:0,1013417:24:1,1013696:24:0,1013881:24:1,1013888:25:1,1014158:16:0,1074583:24:0,1074729:4:1"
1257336175731847,37496,25,2,"0:2:1,249:18:0,397:16:1,1001153:24:0,1001338:16:1,1001343:24:1,1001600:16:0,1001673:24:0,1001853:24:1,1005257:24:0,1005426:24:1,1008722:24:0,1008895:24:1,1009192:24:0,1009378:24:1,1009385:25:1,1009649:16:0,1020223:24:0,1020373:4:1"
1257327235167426,37499,25,2,"0:2:1,246:18:0,410:16:1,1004680:24:0,1004877:16:1,1004883:24:1,1005134:16:0,1005201:24:0,1005375:24:1,1008715:24:0,1008887:24:1,1012921:24:0,1013066:24:1,1013362:24:0,1013553:24:1,1013560:25:1,1013832:16:0,1085873:24:0,1086042:4:1"
1257260210808727,37512,113,4,"0:2:0,155:20:1"
1257260251224700,37520,25,2,"0:2:1,248:18:0,400:16:1,1002838:24:0,1003114:16:1,1003120:24:1,1003540:16:0,1003542:24:0,1003816:24:1,1007286:24:0,1007460:24:1,1010633:24:0,1010839:24:1,1011136:24:0,1011327:24:1,1011334:25:1,1011599:16:0,1023153:24:0,1023305:4:1"
1257263810067161,37553,113,4,"0:2:0,170:20:1"
1257343075385342,37594,25,2,"0:2:1,239:18:0,387:16:1,1004643:24:0,1004856:16:1,1004861:24:1,1005125:16:0,1005277:24:0,1005488:24:1,1008999:24:0,1009178:24:1,1012190:24:0,1012363:24:1,1012642:24:0,1012830:24:1,1012837:25:1,1013109:16:0,1026678:24:0,1026863:4:1"
1257260267702558,37675,113,4,"0:2:0,149:20:1"
1257372250178103,37711,25,2,"0:2:1,244:18:0,391:16:1,1004567:24:0,1004753:16:1,1004759:24:1,1005007:16:0,1005087:24:0,1005266:24:1,1008726:24:0,1008906:24:1,1011859:24:0,1012006:24:1,1012287:24:0,1012476:24:1,1012483:25:1,1012752:16:0,1047116:24:0,1047278:4:1"
1257343091871131,37713,113,4,"0:2:0,177:20:1"
1257372243029545,37825,113,4,"0:2:0,147:20:1"
1257260218034719,37862,25,2,"0:2:1,235:18:0,383:16:1,1012369:24:0,1012553:16:1,1012559:24:1,1012809:16:0,1012867:24:0,1013045:24:1,1017188:24:0,1017360:24:1,1033613:24:0,1033831:24:1,1034175:24:0,1034367:24:1,1034374:25:1,1038643:16:0,1149365:24:0,1149513:4:1"
1257372237878123,38010,113,4,"0:2:0,150:20:1"
1257260285151468,38055,25,2,"0:2:1,343:18:0,528:16:1,1010688:24:0,1010875:16:1,1010880:24:1,1011137:16:0,1011208:24:0,1011387:24:1,1014860:24:0,1015039:24:1,1018417:24:0,1018586:24:1,1018895:24:0,1019079:24:1,1019086:25:1,1019346:16:0,1019473:24:0,1019474:17:0,1019667:4:1,1019671:4:1"
1257327293907230,38093,113,4,"0:2:0,150:20:1"
1257336185332810,38114,113,4,"0:2:0,180:20:1"
1257343211529352,38285,25,2,"0:2:1,335:18:0,520:16:1,1012145:24:0,1012385:16:1,1012392:24:1,1013016:16:0,1013091:24:0,1013325:24:1,1016798:24:0,1016972:24:1,1019892:24:0,1020119:24:1,1020408:24:0,1020591:24:1,1020597:25:1,1020870:16:0,1075629:24:0,1075774:4:1"
1257343063060414,38392,25,2,"0:2:1,254:18:0,400:16:1,1019642:24:0,1019831:16:1,1019836:24:1,1020098:16:0,1020150:24:0,1020328:24:1,1023912:24:0,1024093:24:1,1027298:24:0,1027475:24:1,1027787:24:0,1027977:24:1,1027983:25:1,1028249:16:0,1040029:24:0,1040175:4:1"
1257327280522260,38542,113,4,"0:2:0,175:20:1"
1257343154022861,38605,25,2,"0:2:1,249:18:0,395:16:1,1002608:24:0,1002825:16:1,1002831:24:1,1003076:16:0,1003140:24:0,1003319:24:1,1006682:24:0,1006855:24:1,1009955:24:0,1010123:24:1,1010422:24:0,1010606:24:1,1010612:25:1,1010878:16:0,1023849:24:0,1023993:4:1"
1257260269755953,38620,113,4,"0:2:0,152:20:1"
1257327272291412,38755,25,2,"0:2:1,244:18:0,392:16:1,1010000:24:0,1010191:16:1,1010196:24:1,1010449:16:0,1010504:24:0,1010674:24:1,1014181:24:0,1014359:24:1,1017631:24:0,1017800:24:1,1018099:24:0,1018246:24:1,1018282:25:1,1018544:16:0,1076853:24:0,1077002:4:1"
1257263734920168,38822,25,2,"0:2:1,239:18:0,385:16:1,1011642:24:0,1011862:16:1,1011868:24:1,1012359:16:0,1012412:24:0,1012727:24:1,1016494:24:0,1016643:24:1,1019334:24:0,1019483:24:1,1019784:24:0,1019977:24:1,1019984:25:1,1020245:16:0,1087508:24:0,1087655:4:1"
1257336177774158,38901,113,4,"0:2:0,150:20:1"
1257260274906949,39099,113,4,"0:2:0,148:20:1"
1257372254286633,39109,25,2,"0:2:1,245:18:0,391:16:1,1003124:24:0,1003311:16:1,1003316:24:1,1003571:16:0,1003659:24:0,1003834:24:1,1007284:24:0,1007457:24:1,1010761:24:0,1010937:24:1,1011262:24:0,1011496:24:1,1011502:25:1,1011867:16:0,1022441:24:0,1022646:4:1"
1257343053846437,39154,113,4,"0:2:0,188:20:1"
1257260224267991,39161,113,4,"0:2:0,192:20:1"
1257260157078894,39198,113,4,"0:2:0,202:20:1"
1257263767753553,39242,113,4,"0:2:0,148:20:1"
1257260286181722,39304,25,2,"0:2:1,240:18:0,386:16:1,1003715:24:0,1003910:16:1,1003916:24:1,1004162:16:0,1004215:24:0,1004399:24:1,1010623:24:0,1010803:24:1,1013930:24:0,1014124:24:1,1014408:24:0,1014591:24:1,1014596:25:1,1019511:16:0,1162521:24:0,1162668:4:1"
1257260263580024,39375,25,2,"0:2:1,236:18:0,382:16:1,1001867:24:0,1002056:16:1,1002062:24:1,1002313:16:0,1002377:24:0,1002553:24:1,1006028:24:0,1006218:24:1,1009674:24:0,1009911:24:1,1010273:24:0,1010509:24:1,1010516:25:1,1010805:16:0,1030254:24:0,1030401:4:1"
1257343198186923,39390,25,2,"0:2:1,251:18:0,399:16:1,1000662:24:0,1000851:16:1,1000856:24:1,1001108:16:0,1001183:24:0,1001351:24:1,1004818:24:0,1004986:24:1,1007966:24:0,1008175:24:1,1008477:24:0,1008625:24:1,1008653:25:1,1008920:16:0,1016593:24:0,1016739:4:1"
1257327239302474,39395,113,4,"0:2:0,146:20:1"
1257343107277304,39437,113,4,"0:2:0,157:20:1"
1257343061022972,39580,113,4,"0:2:0,187:20:1"
1257327286699128,39697,25,2,"0:18:0,1747:2:1,2148:16:1,1006221:24:0,1006413:16:1,1006419:24:1,1006669:16:0,1006732:24:0,1006905:24:1,1010307:24:0,1010477:24:1,1013096:24:0,1013264:24:1,1013540:24:0,1013734:24:1,1013740:25:1,1014010:16:0,1050231:24:0,1050381:4:1"
1257336176754482,39762,113,4,"0:2:0,150:20:1"
1257372282172795,39796,25,2,"0:2:1,251:18:0,397:16:1,1019550:24:0,1019735:16:1,1019741:24:1,1019994:16:0,1020064:24:0,1020242:24:1,1023716:24:0,1023898:24:1,1034931:24:0,1035098:24:1,1035394:24:0,1035588:24:1,1035595:25:1,1035874:16:0,1057795:24:0,1057941:4:1"
1257327249638487,39807,25,2,"0:2:1,248:18:0,394:16:1,1009687:24:0,1009881:16:1,1009886:24:1,1010133:16:0,1010185:24:0,1010360:24:1,1013725:24:0,1013900:24:1,1017180:24:0,1017325:24:1,1017623:24:0,1017814:24:1,1017820:25:1,1018092:16:0,1080342:24:0,1080489:4:1"
1257343181723498,39828,25,2,"0:2:1,252:18:0,400:16:1,1005293:24:0,1005528:16:1,1005533:24:1,1006034:16:0,1006084:24:0,1006321:24:1,1010048:24:0,1010275:24:1,1014055:24:0,1014287:24:1,1017133:24:0,1017441:24:1,1017448:25:1,1017833:16:0,1029349:24:0,1029533:4:1"
1257336176752108,39960,25,2,"0:2:1,255:18:0,402:16:1,1000942:24:0,1001126:16:1,1001131:24:1,1001389:16:0,1001467:24:0,1001648:24:1,1005053:24:0,1005224:24:1,1008013:24:0,1008189:24:1,1008489:24:0,1008675:24:1,1008682:25:1,1008946:16:0,1041304:24:0,1041475:4:1"
1257372259409151,40044,113,4,"0:2:0,149:20:1"
1257260253264708,40049,25,2,"0:2:1,249:18:0,399:16:1,1001818:24:0,1002007:16:1,1002013:24:1,1002350:16:0,1002361:24:0,1002566:24:1,1006033:24:0,1006213:24:1,1008922:24:0,1009089:24:1,1009395:24:0,1009587:24:1,1009594:25:1,1009961:16:0,1019776:24:0,1019923:4:1"
1257343074369650,40151,113,4,"0:2:0,159:20:1"
1257343181725928,40194,113,4,"0:2:0,147:20:1"
1257260266670329,40354,25,2,"0:2:1,239:18:0,385:16:1,1010268:24:0,1010479:16:1,1010485:24:1,1010994:16:0,1011082:24:0,1011315:24:1,1014816:24:0,1015001:24:1,1017946:24:0,1018122:24:1,1018403:24:0,1018580:24:1,1018587:25:1,1018843:16:0,1026364:24:0,1026532:4:1"
1257260132299040,40489,113,4,"0:2:0,147:20:1"
1257327264050820,40489,25,2,"0:2:1,245:18:0,391:16:1,1014556:24:0,1014742:16:1,1014747:24:1,1014997:16:0,1015063:24:0,1015237:24:1,1018710:24:0,1018891:24:1,1021992:24:0,1022139:24:1,1022440:24:0,1022631:24:1,1022638:25:1,1022899:16:0,1069160:24:0,1069306:4:1"
1257343237258947,40551,25,2,"0:2:1,247:18:0,394:16:1,1013653:24:0,1013843:16:1,1013849:24:1,1014113:16:0,1014201:24:0,1014384:24:1,1018050:24:0,1018230:24:1,1021616:24:0,1021746:24:1,1022057:24:0,1022239:24:1,1022245:25:1,1022508:16:0,1032647:24:0,1032793:4:1"
1257263790524881,40566,113,4,"0:2:0,185:20:1"
1257260299702007,40716,113,4,"0:2:0,226:20:1"
1257260311999569,40803,113,4,"0:2:0,223:20:1"
1257372239939142,40847,25,2,"0:2:1,255:18:0,402:16:1,1004291:24:0,1004477:16:1,1004483:24:1,1004731:16:0,1004782:24:0,1004959:24:1,1008459:24:0,1008633:24:1,1011835:24:0,1012012:24:1,1012293:24:0,1012479:24:1,1012486:25:1,1012755:16:0,1065881:24:0,1066027:4:1"
1257343112423015,40885,113,4,"0:2:0,151:20:1"
1257343117558050,41023,113,4,"0:2:0,152:20:1"
1257343116516580,41065,113,4,"0:2:0,164:20:1"
1257260211844536,41165,25,2,"0:2:1,240:18:0,383:16:1,1013475:24:0,1013661:16:1,1013667:24:1,1013915:16:0,1013986:24:0,1014158:24:1,1017576:24:0,1017748:24:1,1034980:24:0,1035151:24:1,1035440:24:0,1035633:24:1,1035639:25:1,1035908:16:0,1051370:24:0,1051548:4:1"
1257327206214747,41168,25,2,"0:2:1,250:18:0,398:16:1,1013466:24:0,1013657:16:1,1013663:24:1,1013919:16:0,1013997:24:0,1014168:24:1,1017607:24:0,1017779:24:1,1021817:24:0,1021994:24:1,1022295:24:0,1022483:24:1,1022489:25:1,1022757:16:0,1045278:24:0,1045425:4:1"
1257343104200272,41177,25,2,"0:2:1,246:18:0,394:16:1,1002229:24:0,1002415:16:1,1002420:24:1,1002668:16:0,1002757:24:0,1002932:24:1,1006532:24:0,1006705:24:1,1010072:24:0,1010247:24:1,1010553:24:0,1010758:24:1,1010765:25:1,1011129:16:0,1011162:24:0,1011163:17:0,1011354:4:1,1011359:4:1"
1257263821421382,41184,113,4,"0:2:0,149:20:1"
1257260216997611,41188,113,4,"0:2:0,151:20:1"
1257343114467889,41199,25,2,"0:2:1,257:18:0,446:16:1,1001831:24:0,1002017:16:1,1002023:24:1,1002280:16:0,1002346:24:0,1002496:24:1,1005985:24:0,1006150:24:1,1008994:24:0,1009210:24:1,1009525:24:0,1009708:24:1,1009715:25:1,1009979:16:0,2997918:24:0,2998066:4:1"
1257343197169333,41235,113,4,"0:2:0,206:20:1"
1257263815278120,41240,113,4,"0:2:0,170:20:1"
1257260187573944,41315,25,2,"0:2:1,241:18:0,391:16:1,1000387:24:0,1000579:16:1,1000584:24:1,1000832:16:0,1000901:24:0,1001097:24:1,1004513:24:0,1004689:24:1,1007806:24:0,1007996:24:1,1008282:24:0,1008469:24:1,1008475:25:1,1008738:16:0,1017554:24:0,1017698:4:1"
1257260112225253,41420,25,2,"0:2:1,353:18:0,530:16:1,1015445:24:0,1015631:16:1,1015636:24:1,1015881:16:0,1015960:24:0,1016139:24:1,1019888:24:0,1020094:24:1,1022966:24:0,1023131:24:1,1023433:24:0,1023625:24:1,1023634:25:1,1023893:16:0,1104954:24:0,1105118:4:1"
1257343136997384,41494,25,2,"0:2:1,262:18:0,396:16:1,1002326:24:0,1002529:16:1,1002534:24:1,1002809:16:0,1002864:24:0,1003039:24:1,1006599:24:0,1006776:24:1,1009912:24:0,1010137:24:1,1010629:24:0,1010873:24:1,1010880:25:1,1011153:16:0,1021910:24:0,1022057:4:1"
1257260304844618,41523,113,4,"0:2:0,153:20:1"
1257343107274888,41533,25,2,"0:2:1,249:18:0,396:16:1,1016850:24:0,1017038:16:1,1017044:24:1,1017297:16:0,1017391:24:0,1017574:24:1,1021130:24:0,1021312:24:1,1024518:24:0,1024747:24:1,1025331:24:0,1025538:24:1,1025545:25:1,1025996:16:0,1036096:24:0,1036241:4:1"
1257263795649523,41552,25,2,"0:2:1,238:18:0,402:16:1,1010599:24:0,1010784:16:1,1010793:24:1,1011038:16:0,1011116:24:0,1011286:24:1,1014760:24:0,1014978:24:1,1017687:24:0,1017859:24:1,1018188:24:0,1018384:24:1,1018391:25:1,1018651:16:0,1037906:24:0,1038052:4:1"
1257260259389665,41553,113,4,"0:2:0,189:20:1"
1257343076408770,41598,25,2,"0:2:1,247:18:0,395:16:1,1006435:24:0,1006673:16:1,1006679:24:1,1006939:16:0,1006998:24:0,1007172:24:1,1010678:24:0,1010847:24:1,1014100:24:0,1014246:24:1,1014529:24:0,1014675:24:1,1014709:25:1,1014969:16:0,1025904:24:0,1026052:4:1"
1257260274904390,41892,25,2,"0:2:1,335:18:0,522:16:1,1004859:24:0,1005044:16:1,1005049:24:1,1005292:16:0,1005367:24:0,1005547:24:1,1008970:24:0,1009145:24:1,1012426:24:0,1012613:24:1,1012940:24:0,1013153:24:1,1013159:25:1,1013430:16:0,1036547:24:0,1036751:4:1"
1257263825551666,42043,25,2,"0:2:1,241:18:0,388:16:1,1004272:24:0,1004456:16:1,1004462:24:1,1004710:16:0,1004766:24:0,1004945:24:1,1008341:24:0,1008518:24:1,1011706:24:0,1011877:24:1,1012189:24:0,1012380:24:1,1012387:25:1,1012649:16:0,1065260:24:0,1065404:4:1"
1257263747361737,42119,113,4,"0:2:0,151:20:1"
1257260114291510,42185,113,4,"0:2:0,193:20:1"
1257263782232432,42245,113,4,"0:2:0,213:20:1"
1257372278053383,42281,25,2,"0:2:1,249:18:0,395:16:1,1008764:24:0,1008949:16:1,1008955:24:1,1009209:16:0,1009263:24:0,1009437:24:1,1012894:24:0,1013074:24:1,1020568:24:0,1020738:24:1,1021135:24:0,1021355:24:1,1021361:25:1,1021638:16:0,1036520:24:0,1036669:4:1"
1257372278055844,42293,113,4,"0:2:0,151:20:1"
1257327283604218,42298,25,2,"0:2:1,249:18:0,397:16:1,1017729:24:0,1017917:16:1,1017922:24:1,1018170:16:0,1018220:24:0,1018399:24:1,1021872:24:0,1022071:24:1,1025364:24:0,1025531:24:1,1025815:24:0,1026009:24:1,1026016:25:1,1026281:16:0,1064160:24:0,1064307:4:1"
1257343114470678,42313,113,4,"0:2:0,190:20:1"
1257260141630914,42421,25,2,"0:2:1,239:18:0,386:16:1,1005616:24:0,1005803:16:1,1005808:24:1,1006058:16:0,1006110:24:0,1006286:24:1,1010148:24:0,1010296:24:1,1040531:24:0,1040701:24:1,1041005:24:0,1041194:24:1,1041201:25:1,1041462:16:0,1141102:24:0,1141255:4:1"
1257336175734248,42457,113,4,"0:2:0,149:20:1"
1257343056942899,42511,113,4,"0:2:0,156:20:1"
1257260117379360,42512,25,2,"0:2:1,477:18:0,677:16:1,1004232:24:0,1004460:16:1,1004465:24:1,1004713:16:0,1004771:24:0,1004949:24:1,1008507:24:0,1008695:24:1,1011963:24:0,1012166:24:1,1012445:24:0,1012628:24:1,1012634:25:1,1012898:16:0,1030234:24:0,1030419:4:1"
1257263781207238,42520,113,4,"0:2:0,150:20:1"
1257263798729160,42533,25,2,"0:2:1,250:18:0,395:16:1,1021869:24:0,1022057:16:1,1022062:24:1,1022334:16:0,1022511:24:0,1022737:24:1,1038531:24:0,1038712:24:1,1043098:24:0,1043324:24:1,1043659:24:0,1043842:24:1,1043848:25:1,1044136:16:0,1114516:24:0,1114666:4:1"
1257263743208654,42575,113,4,"0:2:0,151:20:1"
1257343212561134,42576,25,2,"0:2:1,245:18:0,392:16:1,1013178:24:0,1013366:16:1,1013372:24:1,1013621:16:0,1013671:24:0,1013848:24:1,1017350:24:0,1017530:24:1,1020738:24:0,1020953:24:1,1021246:24:0,1021435:24:1,1021442:25:1,1021707:16:0,1083140:24:0,1083289:4:1"
1257260107026465,42638,113,4,"0:2:0,148:20:1"
1257260141633568,42719,113,4,"0:2:0,193:20:1"
1257343061020380,42751,25,2,"0:2:1,247:18:0,393:16:1,1000624:24:0,1000810:16:1,1000815:24:1,1001069:16:0,1001136:24:0,1001315:24:1,1004816:24:0,1004983:24:1,1007766:24:0,1007943:24:1,1008227:24:0,1008409:24:1,1008416:25:1,1008692:16:0,1016318:24:0,1016464:4:1"
1257260194751664,42813,25,2,"0:2:1,243:18:0,387:16:1,1003015:24:0,1003201:16:1,1003207:24:1,1003457:16:0,1003527:24:0,1003709:24:1,1007121:24:0,1007298:24:1,1010654:24:0,1010826:24:1,1011107:24:0,1011293:24:1,1011299:25:1,1011566:16:0,1019635:24:0,1019823:4:1"
1257263825554058,42873,113,4,"0:2:0,152:20:1"
1257260165958265,42918,25,2,"0:2:1,352:18:0,545:16:1,1015043:24:0,1015259:16:1,1015264:24:1,1015549:16:0,1015628:24:0,1015824:24:1,1019392:24:0,1019556:24:1,1022953:24:0,1023129:24:1,1023468:24:0,1023704:24:1,1023712:25:1,1023996:16:0,1070377:24:0,1070534:4:1"
1257343138021782,42951,113,4,"0:2:0,195:20:1"
1257260111201956,42968,113,4,"0:2:0,155:20:1"
1257372280109904,42993,25,2,"0:2:1,247:18:0,391:16:1,1014858:24:0,1015046:16:1,1015052:24:1,1015300:16:0,1015372:24:0,1015549:24:1,1018978:24:0,1019150:24:1,1022174:24:0,1022341:24:1,1022645:24:0,1022841:24:1,1022848:25:1,1023112:16:0,1043417:24:0,1043566:4:1"
1257260216995246,43003,25,2,"0:2:1,240:18:0,387:16:1,1020668:24:0,1020889:16:1,1020895:24:1,1021147:16:0,1021226:24:0,1021398:24:1,1024874:24:0,1025054:24:1,1027732:24:0,1027906:24:1,1028228:24:0,1028413:24:1,1028419:25:1,1028695:16:0,1039920:24:0,1040067:4:1"
1257260268719191,43121,25,2,"0:2:1,242:18:0,387:16:1,1014720:24:0,1014907:16:1,1014913:24:1,1015162:16:0,1015228:24:0,1015399:24:1,1018846:24:0,1019030:24:1,1022345:24:0,1022494:24:1,1022775:24:0,1022966:24:1,1022973:25:1,1023238:16:0,1035830:24:0,1035976:4:1"
1257327282582625,43282,113,4,"0:2:0,148:20:1"
1257343112420501,43524,25,2,"0:2:1,247:18:0,393:16:1,999517:24:0,999704:16:1,999710:24:1,999955:16:0,1000003:24:0,1000176:24:1,1003589:24:0,1003771:24:1,1006945:24:0,1007116:24:1,1007419:24:0,1007604:24:1,1007611:25:1,1007874:16:0,1020111:24:0,1020310:4:1"
1257263746334953,43594,113,4,"0:2:0,148:20:1"
1257327203128728,43790,113,4,"0:2:0,150:20:1"
1257343125734746,43857,25,2,"0:2:1,248:18:0,400:16:1,1008032:24:0,1008221:16:1,1008226:24:1,1008489:16:0,1008581:24:0,1008758:24:1,1012413:24:0,1012617:24:1,1015603:24:0,1015799:24:1,1016087:24:0,1016273:24:1,1016280:25:1,1016554:16:0,1025744:24:0,1025890:4:1"
1257327229847721,43874,25,2,"0:2:1,246:18:0,394:16:1,1006013:24:0,1006206:16:1,1006211:24:1,1006460:16:0,1006526:24:0,1006702:24:1,1010127:24:0,1010303:24:1,1013224:24:0,1013371:24:1,1013666:24:0,1013857:24:1,1013863:25:1,1014133:16:0,2677427:24:0,2677614:4:1"
1257327266115224,43894,113,4,"0:2:0,149:20:1"
1257372248137998,43924,113,4,"0:2:0,149:20:1"
1257260311997126,43999,25,2,"0:2:1,243:18:0,392:16:1,1002909:24:0,1003099:16:1,1003104:24:1,1003358:16:0,1003534:24:0,1003746:24:1,1007217:24:0,1007397:24:1,1010396:24:0,1010565:24:1,1010872:24:0,1011056:24:1,1011062:25:1,1011321:16:0,1020840:24:0,1020988:4:1"
1257343198189459,44040,113,4,"0:2:0,160:20:1"
1257260153981623,44101,25,2,"0:2:1,505:18:0,710:16:1,1011079:24:0,1011261:16:1,1011266:24:1,1011514:16:0,1011586:24:0,1011762:24:1,1015187:24:0,1015368:24:1,1018342:24:0,1018508:24:1,1018803:24:0,1018994:24:1,1019002:25:1,1019264:16:0,1031571:24:0,1031723:4:1"
1257343053843220,44116,25,2,"0:2:1,514:18:0,696:16:1,1024764:24:0,1024971:16:1,1024976:24:1,1025335:16:0,1025336:24:0,1025547:24:1,1029183:24:0,1029358:24:1,1032231:24:0,1032405:24:1,1032734:24:0,1032961:24:1,1032968:25:1,1033426:16:0,1050112:24:0,1050325:4:1"
1257343185819981,44176,113,4,"0:2:0,150:20:1"
1257327263023666,44265,113,4,"0:2:0,146:20:1"
1257336153204819,44318,113,4,"0:2:0,150:20:1"
1257260118402774,44325,25,2,"0:2:1,245:18:0,388:16:1,1008394:24:0,1008607:16:1,1008615:24:1,1009371:16:0,1009372:24:0,1009590:24:1,1013214:24:0,1013391:24:1,1016677:24:0,1016824:24:1,1017107:24:0,1017296:24:1,1017302:25:1,1017569:16:0,1026535:24:0,1026681:4:1"
1257327293904942,44407,25,2,"0:2:1,244:18:0,388:16:1,1003249:24:0,1003438:16:1,1003444:24:1,1003690:16:0,1003737:24:0,1003920:24:1,1007426:24:0,1007601:24:1,1010270:24:0,1010437:24:1,1010745:24:0,1010939:24:1,1010946:25:1,1011210:16:0,1073943:24:0,1074123:4:1"
1257260156035894,44415,113,4,"0:2:0,192:20:1"
1257343189999797,44641,25,2,"0:2:1,372:18:0,558:16:1,1010004:24:0,1010231:16:1,1010238:24:1,1010544:16:0,1010576:24:0,1010761:24:1,1014305:24:0,1014477:24:1,1017293:24:0,1017465:24:1,1017789:24:0,1017977:24:1,1017984:25:1,1018251:16:0,1040281:24:0,1040427:4:1"
1257263792581933,44669,113,4,"0:2:0,156:20:1"
1257343185817658,44700,25,2,"0:2:1,251:18:0,398:16:1,1009484:24:0,1009745:16:1,1009752:24:1,1010448:16:0,1010499:24:0,1010701:24:1,1014623:24:0,1014831:24:1,1060509:16:0,1084513:24:0,1084698:24:1,1085144:16:0,1085145:24:0,1085368:24:1,1085374:25:1,1085656:16:0,1208954:24:0,1209105:4:1"
1257336185330552,44840,25,2,"0:2:1,235:18:0,377:16:1,1007274:24:0,1007464:16:1,1007469:24:1,1007716:16:0,1007787:24:0,1007961:24:1,1011358:24:0,1011541:24:1,1014211:24:0,1014379:24:1,1014670:24:0,1014857:24:1,1014863:25:1,1015127:16:0,1048983:24:0,1049132:4:1"
1257260271812832,44918,113,4,"0:2:0,150:20:1"
1257343213593887,44951,25,2,"0:2:1,245:18:0,391:16:1,1008809:24:0,1008996:16:1,1009002:24:1,1009254:16:0,1009338:24:0,1009517:24:1,1012965:24:0,1013145:24:1,1016352:24:0,1016525:24:1,1016841:24:0,1017032:24:1,1017039:25:1,1017302:16:0,1035824:24:0,1035972:4:1"
1257343060001495,45020,113,4,"0:2:0,153:20:1"
1257343165329440,45408,113,4,"0:2:0,140:20:1"
1257260165961099,45425,113,4,"0:2:0,186:20:1"
1257343070261727,45440,113,4,"0:2:0,201:20:1"
1257260127959601,45449,25,2,"0:2:1,252:18:0,403:16:1,1015607:24:0,1015799:16:1,1015804:24:1,1016051:16:0,1016102:24:0,1016278:24:1,1019685:24:0,1019864:24:1,1023306:24:0,1023493:24:1,1023918:24:0,1024155:24:1,1024161:25:1,1024439:16:0,1086916:24:0,1087106:4:1"
1257327239299686,45498,25,2,"0:2:1,532:18:0,722:16:1,1011391:24:0,1011583:16:1,1011589:24:1,1011838:16:0,1011887:24:0,1012075:24:1,1015470:24:0,1015650:24:1,1018781:24:0,1018949:24:1,1019232:24:0,1019430:24:1,1019437:25:1,1019704:16:0,1093166:24:0,1093312:4:1"
1257336178792325,45538,25,2,"0:2:1,248:18:0,394:16:1,1021443:24:0,1021625:16:1,1021631:24:1,1021883:16:0,1021952:24:0,1022126:24:1,1025604:24:0,1025750:24:1,1028730:24:0,1028902:24:1,1029178:24:0,1029362:24:1,1029369:25:1,1029639:16:0,1040097:24:0,1040246:4:1"
1257327249640844,45723,113,4,"0:2:0,150:20:1"
1257343175571958,45765,113,4,"0:2:0,202:20:1"
1257260191678287,45785,113,4,"0:2:0,151:20:1"
1257263828635133,45988,25,2,"0:2:1,243:18:0,390:16:1,1006605:24:0,1006798:16:1,1006803:24:1,1007050:16:0,1007115:24:0,1007298:24:1,1010749:24:0,1010928:24:1,1013697:24:0,1013867:24:1,1014158:24:0,1014334:24:1,1014340:25:1,1014756:16:0,1024959:24:0,1025108:4:1"
1257263750440453,46198,25,2,"0:2:1,241:18:0,405:16:1,1006716:24:0,1006904:16:1,1006909:24:1,1007152:16:0,1007224:24:0,1007405:24:1,1010916:24:0,1011096:24:1,1013919:24:0,1014087:24:1,1014368:24:0,1014558:24:1,1014565:25:1,1014831:16:0,1050492:24:0,1050674:4:1"
1257372235825764,46203,25,2,"0:2:1,278:18:0,450:16:1,1003705:24:0,1003895:16:1,1003901:24:1,1004152:16:0,1004221:24:0,1004395:24:1,1007792:24:0,1007969:24:1,1010688:24:0,1010837:24:1,1011141:24:0,1011334:24:1,1011340:25:1,1011604:16:0,1021448:24:0,1021594:4:1"
1257343220756053,46329,25,2,"0:2:1,247:18:0,399:16:1,1002663:24:0,1002886:16:1,1002891:24:1,1003291:16:0,1003293:24:0,1003527:24:1,1007098:24:0,1007273:24:1,1043809:16:0,1111757:24:0,1111934:24:1,1112293:16:0,1112294:24:0,1112530:24:1,1112537:25:1,1112984:16:0,1202649:24:0,1202798:4:1"
1257260219090860,46340,113,4,"0:2:0,151:20:1"
1257343124714572,46441,113,4,"0:2:0,151:20:1"
1257336166538818,46463,25,2,"0:2:1,248:18:0,395:16:1,1003746:24:0,1003934:16:1,1003940:24:1,1004192:16:0,1004277:24:0,1004459:24:1,1007888:24:0,1008061:24:1,1010889:24:0,1011060:24:1,1011360:24:0,1011542:24:1,1011549:25:1,1011813:16:0,1024286:24:0,1024434:4:1"
1257336174712091,46672,113,4,"0:2:0,149:20:1"
1257260168023382,46679,113,4,"0:2:0,161:20:1"
1257260292429711,46687,113,4,"0:2:0,154:20:1"
1257343239332134,46766,113,4,"0:2:0,149:20:1"
1257260158105978,46800,25,2,"0:2:1,242:18:0,384:16:1,1018205:24:0,1018390:16:1,1018396:24:1,1018657:16:0,1018748:24:0,1018925:24:1,1022693:24:0,1022889:24:1,1026031:24:0,1026178:24:1,1026495:24:0,1026700:24:1,1026706:25:1,1026968:16:0,1130552:24:0,1130724:4:1"
1257260187576437,46835,113,4,"0:2:0,198:20:1"
1257260268721668,46872,113,4,"0:2:0,154:20:1"
1257343214622260,47021,25,2,"0:2:1,248:18:0,395:16:1,1008152:24:0,1008382:16:1,1008389:24:1,1013431:16:0,1013482:24:0,1013707:24:1,1017555:24:0,1017724:24:1,1020920:24:0,1021088:24:1,1021408:24:0,1021599:24:1,1021606:25:1,1021874:16:0,1051120:24:0,1051265:4:1"
1257263792579515,47027,25,2,"0:2:1,245:18:0,392:16:1,1000564:24:0,1000770:16:1,1000776:24:1,1001013:16:0,1001080:24:0,1001269:24:1,1004787:24:0,1004964:24:1,1007734:24:0,1007882:24:1,1008181:24:0,1008330:24:1,1008361:25:1,1008621:16:0,1016476:24:0,1016621:4:1"
1257260153984689,47048,113,4,"0:2:0,195:20:1"
1257263786356356,47049,25,2,"0:2:1,237:18:0,384:16:1,1006786:24:0,1006973:16:1,1006978:24:1,1007253:16:0,1007347:24:0,1007530:24:1,1011324:24:0,1011497:24:1,1014555:24:0,1014730:24:1,1015024:24:0,1015210:24:1,1015216:25:1,1015495:16:0,1139297:24:0,1139447:4:1"
1257260152964050,47239,113,4,"0:2:0,152:20:1"
1257372255311354,47318,113,4,"0:2:0,147:20:1"
1257260177293579,47346,113,4,"0:2:0,208:20:1"
1257260220126853,47451,25,2,"0:2:1,244:18:0,390:16:1,1020938:24:0,1021131:16:1,1021137:24:1,1021380:16:0,1021444:24:0,1021692:24:1,1025367:24:0,1025566:24:1,1028507:24:0,1028677:24:1,1028956:24:0,1029143:24:1,1029151:25:1,1029422:16:0,1095739:24:0,1095888:4:1"
1257260152961588,47484,25,2,"0:2:1,245:18:0,390:16:1,1001078:24:0,1001264:16:1,1001270:24:1,1001523:16:0,1001585:24:0,1001762:24:1,1005237:24:0,1005406:24:1,1008199:24:0,1008386:24:1,1008918:24:0,1009167:24:1,1009175:25:1,1009473:16:0,1021775:24:0,1021982:4:1"
1257343076411178,47516,113,4,"0:2:0,146:20:1"
1257260266672688,47520,113,4,"0:2:0,152:20:1"
1257343203310632,47552,25,2,"0:2:1,253:18:0,399:16:1,1019070:24:0,1019258:16:1,1019264:24:1,1019514:16:0,1019591:24:0,1019766:24:1,1023319:24:0,1023550:24:1,1026639:24:0,1026809:24:1,1027092:24:0,1027263:24:1,1027269:25:1,1027545:16:0,1084928:24:0,1085110:4:1"
1257343162230670,47601,113,4,"0:2:0,151:20:1"
1257327272293763,47638,113,4,"0:2:0,148:20:1"
1257263787433593,47721,113,4,"0:2:0,151:20:1"
1257343224988047,47757,113,4,"0:2:0,149:20:1"
1257260304842197,48020,25,2,"0:2:1,239:18:0,385:16:1,1001109:24:0,1001295:16:1,1001301:24:1,1001546:16:0,1001624:24:0,1001807:24:1,1005309:24:0,1005487:24:1,1008266:24:0,1008441:24:1,1008738:24:0,1008926:24:1,1008934:25:1,1009215:16:0,1020977:24:0,1021184:4:1"
1257260287207373,48040,25,2,"0:2:1,257:18:0,404:16:1,1055059:24:0,1055248:16:1,1055253:24:1,1055505:16:0,1055583:24:0,1055758:24:1,1059363:24:0,1059539:24:1,1062511:24:0,1062788:24:1,1063148:24:0,1063342:24:1,1063348:25:1,1063625:16:0,1118359:24:0,1118547:4:1"
1257372255308623,48111,25,2,"0:2:1,413:18:0,618:16:1,1003672:24:0,1003853:16:1,1003858:24:1,1004111:16:0,1004160:24:0,1004332:24:1,1007776:24:0,1007947:24:1,1010966:24:0,1011139:24:1,1011421:24:0,1011605:24:1,1011612:25:1,1011878:16:0,1030391:24:0,1030535:4:1"
1257263815275628,48113,25,2,"0:2:1,240:18:0,388:16:1,1007311:24:0,1007506:16:1,1007511:24:1,1007756:16:0,1007827:24:0,1008003:24:1,1011422:24:0,1011604:24:1,1014786:24:0,1014962:24:1,1015260:24:0,1015444:24:1,1015450:25:1,1015706:16:0,1041460:24:0,1041607:4:1"
1257372246085940,48167,25,2,"0:2:1,250:18:0,395:16:1,1003421:24:0,1003604:16:1,1003610:24:1,1003867:16:0,1003955:24:0,1004131:24:1,1007829:24:0,1008001:24:1,1011033:24:0,1011205:24:1,1011498:24:0,1011690:24:1,1011697:25:1,1011958:16:0,1023540:24:0,1023690:4:1"
1257327242397824,48451,113,4,"0:2:0,150:20:1"
1257260140608174,48503,25,2,"0:2:1,242:18:0,390:16:1,1003896:24:0,1004082:16:1,1004087:24:1,1004336:16:0,1004416:24:0,1004591:24:1,1008183:24:0,1008377:24:1,1011298:24:0,1011469:24:1,1011760:24:0,1011944:24:1,1011950:25:1,1012221:16:0,1027103:24:0,1027294:4:1"
1257263800832385,48511,113,4,"0:2:0,135:20:1"
1257263750442971,48522,113,4,"0:2:0,148:20:1"
1257260267700086,48602,25,2,"0:2:1,249:18:0,395:16:1,999936:24:0,1000120:16:1,1000126:24:1,1000370:16:0,1000426:24:0,1000601:24:1,1004075:24:0,1004247:24:1,1007312:24:0,1007484:24:1,1007764:24:0,1007950:24:1,1007957:25:1,1008224:16:0,1015886:24:0,1016036:4:1"
1257260234537912,48621,25,2,"0:2:1,250:18:0,385:16:1,1031460:24:0,1031666:16:1,1031672:24:1,1032047:16:0,1032048:24:0,1032264:24:1,1035893:24:0,1036089:24:1,1038914:24:0,1039096:24:1,1039381:24:0,1039561:24:1,1039567:25:1,1039840:16:0,1108254:24:0,1108428:4:1"
1257260161203370,48647,25,2,"0:2:1,231:18:0,378:16:1,1009692:24:0,1009891:16:1,1009896:24:1,1010143:16:0,1010207:24:0,1010389:24:1,1013948:24:0,1014123:24:1,1052750:16:0,4736282:24:0,4736505:24:1,4736757:16:0,4736812:24:0,4737014:24:1,4737021:25:1,4737277:16:0,5240697:24:0,5240892:4:1"
1257327231909898,48728,113,4,"0:2:0,147:20:1"
1257343104202749,48751,113,4,"0:2:0,148:20:1"
1257327265086626,48884,113,4,"0:2:0,148:20:1"
1257260117382284,48888,113,4,"0:2:0,151:20:1"
1257260258361101,48893,25,2,"0:2:1,242:18:0,390:16:1,1003234:24:0,1003446:16:1,1003451:24:1,1003700:16:0,1003760:24:0,1003939:24:1,1007510:24:0,1007725:24:1,1010511:24:0,1010681:24:1,1010990:24:0,1011175:24:1,1011182:25:1,1011443:16:0,1022455:24:0,1022644:4:1"
1257343171485918,48913,113,4,"0:2:0,150:20:1"
1257327253762663,48994,25,2,"0:2:1,249:18:0,397:16:1,1017847:24:0,1018040:16:1,1018046:24:1,1018294:16:0,1018342:24:0,1018509:24:1,1021900:24:0,1022088:24:1,1024991:24:0,1025139:24:1,1025434:24:0,1025628:24:1,1025634:25:1,1025905:16:0,1092012:24:0,1092159:4:1"
1257372281145676,49062,113,4,"0:2:0,150:20:1"
1257372239941584,49100,113,4,"0:2:0,150:20:1"
1257260315132570,49161,113,4,"0:2:0,148:20:1"
1257327206217196,49299,113,4,"0:2:0,148:20:1"
1257343144200288,49333,113,4,"0:2:0,213:20:1"
1257336144991972,49394,25,2,"0:2:1,277:18:0,428:16:1,1003543:24:0,1003731:16:1,1003736:24:1,1003986:16:0,1004058:24:0,1004237:24:1,1007645:24:0,1007823:24:1,1027628:24:0,1027798:24:1,1028100:24:0,1028287:24:1,1028294:25:1,1028558:16:0,1041310:24:0,1041457:4:1"
1257343056940482,49430,25,2,"0:2:1,252:18:0,398:16:1,1002428:24:0,1002620:16:1,1002626:24:1,1002955:16:0,1002965:24:0,1003165:24:1,1006738:24:0,1006907:24:1,1010062:24:0,1010230:24:1,1010535:24:0,1010723:24:1,1010730:25:1,1010994:16:0,1019920:24:0,1020067:4:1"
1257260182424201,49547,113,4,"0:2:0,153:20:1"
1257260151938718,49548,25,2,"0:2:1,246:18:0,391:16:1,1003901:24:0,1004089:16:1,1004094:24:1,1004351:16:0,1004429:24:0,1004605:24:1,1008218:24:0,1008392:24:1,1011567:24:0,1011784:24:1,1012185:24:0,1012408:24:1,1012416:25:1,1012690:16:0,1023301:24:0,1023442:4:1"
1257327252720080,49624,25,2,"0:2:1,251:18:0,398:16:1,1004123:24:0,1004311:16:1,1004316:24:1,1004563:16:0,1004636:24:0,1004812:24:1,1008261:24:0,1008440:24:1,1030652:24:0,1030827:24:1,1031113:24:0,1031306:24:1,1031312:25:1,1031585:16:0,1206989:24:0,1207161:4:1"
1257343197166544,49635,25,2,"0:2:1,414:18:0,611:16:1,1001106:24:0,1001337:16:1,1001343:24:1,1001730:16:0,1001731:24:0,1001948:24:1,1005718:24:0,1005931:24:1,1008773:24:0,1008920:24:1,1009202:24:0,1009390:24:1,1009397:25:1,1009668:16:0,1020821:24:0,1020969:4:1"
1257260234562479,49681,113,4,"0:2:0,185:20:1"
1257327207248307,49748,25,2,"0:2:1,249:18:0,397:16:1,1010588:24:0,1010772:16:1,1010778:24:1,1011034:16:0,1011119:24:0,1011298:24:1,1014783:24:0,1014961:24:1,1018374:24:0,1018542:24:1,1018821:24:0,1019012:24:1,1019019:25:1,1019287:16:0,1031733:24:0,1031879:4:1"
1257260161205878,49878,113,4,"0:2:0,149:20:1"
1257263757771094,50028,25,2,"0:2:1,512:18:0,695:16:1,1012755:24:0,1012964:16:1,1012970:24:1,1013348:16:0,1013350:24:0,1013577:24:1,1016968:24:0,1017135:24:1,1020195:24:0,1020365:24:1,1020663:24:0,1020846:24:1,1020853:25:1,1021114:16:0,1109637:24:0,1109785:4:1"
1257260111199692,50181,25,2,"0:2:1,242:18:0,388:16:1,1004106:24:0,1004294:16:1,1004298:24:1,1004557:16:0,1004739:24:0,1004956:24:1,1008435:24:0,1008613:24:1,1011349:24:0,1011530:24:1,1011802:24:0,1011997:24:1,1012003:25:1,1012365:16:0,1065881:24:0,1066029:4:1"
1257372282175123,50239,113,4,"0:2:0,151:20:1"
1257343088809013,50305,113,4,"0:2:0,148:20:1"
1257263738020363,50377,25,2,"0:2:1,241:18:0,387:16:1,1010030:24:0,1010260:16:1,1010266:24:1,1010513:16:0,1010577:24:0,1010757:24:1,1014268:24:0,1014441:24:1,1017528:24:0,1017698:24:1,1017993:24:0,1018172:24:1,1018178:25:1,1018442:16:0,1116213:24:0,1116387:4:1"
1257263734922614,50442,113,4,"0:2:0,148:20:1"
1257260177290924,50512,25,2,"0:2:1,271:18:0,441:16:1,1002907:24:0,1003097:16:1,1003103:24:1,1003356:16:0,1003425:24:0,1003605:24:1,1007049:24:0,1007218:24:1,1010178:24:0,1010347:24:1,1010634:24:0,1010828:24:1,1010835:25:1,1011105:16:0,1042087:24:0,1042304:4:1"
1257327225729577,50563,113,4,"0:2:0,151:20:1"
1257263795652040,50677,113,4,"0:2:0,183:20:1"
1257343069231593,50765,113,4,"0:2:0,189:20:1"
1257343216679659,50830,113,4,"0:2:0,148:20:1"
1257263821418603,50903,25,2,"0:2:1,469:18:0,678:16:1,1002759:24:0,1002972:16:1,1002979:24:1,1003231:16:0,1003303:24:0,1003480:24:1,1007086:24:0,1007310:24:1,1010079:24:0,1010253:24:1,1010567:24:0,1010747:24:1,1010754:25:1,1011108:16:0,1020785:24:0,1020967:4:1"
1257260199959873,51096,25,2,"0:2:1,333:18:0,521:16:1,1007555:24:0,1007742:16:1,1007747:24:1,1007994:16:0,1008065:24:0,1008242:24:1,1011844:24:0,1012043:24:1,1015181:24:0,1015408:24:1,1015713:24:0,1015928:24:1,1015935:25:1,1016273:16:0,1087633:24:0,1087796:4:1"
1257336187382584,51114,113,4,"0:2:0,149:20:1"
1257260171104002,51187,25,2,"0:2:1,242:18:0,389:16:1,1009707:24:0,1009938:16:1,1009947:24:1,1010484:16:0,1010486:24:0,1010706:24:1,1014169:24:0,1014342:24:1,1017300:24:0,1017485:24:1,1017780:24:0,1017963:24:1,1017971:25:1,1018228:16:0,1041026:24:0,1041203:4:1"
1257336187380146,51229,25,2,"0:2:1,245:18:0,392:16:1,1003420:24:0,1003572:16:1,1003602:24:1,1003892:16:0,1003923:24:0,1004152:24:1,1007635:24:0,1007809:24:1,1011063:24:0,1011208:24:1,1011507:24:0,1011701:24:1,1011707:25:1,1011980:16:0,1025672:24:0,1025818:4:1"
1257263810054081,51237,25,2,"0:2:1,241:18:0,396:16:1,1026835:24:0,1027052:16:1,1027057:24:1,1027550:16:0,1027639:24:0,1027862:24:1,1031399:24:0,1031585:24:1,1034767:24:0,1034940:24:1,1035211:24:0,1035400:24:1,1035407:25:1,1035676:16:0,1127450:24:0,1127648:4:1"
1257343161204669,51344,25,2,"0:2:1,255:18:0,403:16:1,1004994:24:0,1005225:16:1,1005231:24:1,1005499:16:0,1005554:24:0,1005729:24:1,1009120:24:0,1009300:24:1,1012229:24:0,1012399:24:1,1012679:24:0,1012860:24:1,1012867:25:1,1013139:16:0,1028736:24:0,1028884:4:1"
1257260156029634,51400,25,2,"0:2:1,240:18:0,385:16:1,1024451:24:0,1024674:16:1,1024680:24:1,1024952:16:0,1025011:24:0,1025197:24:1,1029097:24:0,1029272:24:1,1032630:24:0,1032809:24:1,1033103:24:0,1033299:24:1,1033306:25:1,1033571:16:0,1044998:24:0,1045143:4:1"
1257263788469669,51405,113,4,"0:2:0,150:20:1"
1257372237875659,51445,25,2,"0:2:1,250:18:0,420:16:1,1006420:24:0,1006607:16:1,1006613:24:1,1006864:16:0,1006938:24:0,1007113:24:1,1010523:24:0,1010705:24:1,1013755:24:0,1013929:24:1,1014220:24:0,1014408:24:1,1014416:25:1,1014685:16:0,1034439:24:0,1034586:4:1"
1257260263582405,51584,113,4,"0:2:0,150:20:1"
1257263755657606,51613,25,2,"0:2:1,296:18:0,468:16:1,1024075:24:0,1024264:16:1,1024269:24:1,1024507:16:0,1024574:24:0,1024757:24:1,1028305:24:0,1028497:24:1,1046769:24:0,1046935:24:1,1047234:24:0,1047424:24:1,1047431:25:1,1047693:16:0,1152241:24:0,1152435:4:1"
1257343139049511,51648,25,2,"0:2:1,472:18:0,666:16:1,1012373:24:0,1012574:16:1,1012579:24:1,1012952:16:0,1012953:24:0,1013166:24:1,1016684:24:0,1016857:24:1,1020235:24:0,1020405:24:1,1020680:24:0,1020875:24:1,1020882:25:1,1021157:16:0,1051570:24:0,1051715:4:1"
1257343086744470,51670,25,2,"0:2:1,253:18:0,399:16:1,1017290:24:0,1017530:16:1,1017536:24:1,1018061:16:0,1018148:24:0,1018361:24:1,1021889:24:0,1022063:24:1,1025063:24:0,1025232:24:1,1025513:24:0,1025663:24:1,1025694:25:1,1025958:16:0,1035939:24:0,1036083:4:1"
1257336177771499,51699,25,2,"0:2:1,508:18:0,701:16:1,1001603:24:0,1001790:16:1,1001794:24:1,1002043:16:0,1002121:24:0,1002303:24:1,1005782:24:0,1005968:24:1,1008991:24:0,1009158:24:1,1009464:24:0,1009657:24:1,1009663:25:1,1009919:16:0,1019371:24:0,1019533:4:1"
1257263767751286,51747,25,2,"0:2:1,261:18:0,406:16:1,1011233:24:0,1011416:16:1,1011422:24:1,1011665:16:0,1011750:24:0,1011924:24:1,1015402:24:0,1015549:24:1,1018711:24:0,1018878:24:1,1019151:24:0,1019380:24:1,1019386:25:1,1019747:16:0,1111271:24:0,1111425:4:1"
1257327278461055,51787,113,4,"0:2:0,148:20:1"
1257336178794717,51796,113,4,"0:2:0,148:20:1"
1257260194754371,51917,113,4,"0:2:0,207:20:1"
1257260120458591,51978,25,2,"0:2:1,239:18:0,386:16:1,1012536:24:0,1012690:16:1,1012722:24:1,1012971:16:0,1013068:24:0,1013245:24:1,1016936:24:0,1017109:24:1,1053699:16:0,5357397:24:0,5357633:24:1,5357910:16:0,5360857:24:0,5361139:24:1,5361141:25:1,5362034:16:0,5655012:24:0,5655210:4:1"
1257260191675879,51985,25,2,"0:2:1,245:18:0,393:16:1,1008650:24:0,1008835:16:1,1008841:24:1,1009088:16:0,1009159:24:0,1009335:24:1,1012784:24:0,1012953:24:1,1015954:24:0,1016116:24:1,1016414:24:0,1016598:24:1,1016606:25:1,1016853:16:0,1029235:24:0,1029397:4:1"
1257327231907672,51998,25,2,"0:2:1,247:18:0,393:16:1,1011778:24:0,1011962:16:1,1011967:24:1,1012214:16:0,1012296:24:0,1012472:24:1,1015926:24:0,1016104:24:1,1061712:16:0,1135737:24:0,1135899:24:1,1136186:16:0,1136229:24:0,1136425:24:1,1136431:25:1,1136696:16:0,1495312:24:0,1495481:4:1"
1257260307912792,52259,25,2,"0:2:1,242:18:0,389:16:1,999066:24:0,999259:16:1,999265:24:1,999561:16:0,999584:24:0,999768:24:1,1003447:24:0,1003673:24:1,1007013:24:0,1007160:24:1,1007463:24:0,1007657:24:1,1007664:25:1,1007928:16:0,1019043:24:0,1019219:4:1"
1257260107024009,52280,25,2,"0:2:1,273:18:0,447:16:1,1014159:24:0,1014366:16:1,1014372:24:1,1014615:16:0,1014703:24:0,1014895:24:1,1018376:24:0,1018526:24:1,1021330:24:0,1021507:24:1,1021813:24:0,1021979:24:1,1022013:25:1,1022270:16:0,1061148:24:0,1061299:4:1"
1257327270235048,52320,113,4,"0:2:0,149:20:1"
1257343086746938,52329,113,4,"0:2:0,149:20:1"
1257343136999743,52483,113,4,"0:2:0,150:20:1"
1257327240337837,52516,113,4,"0:2:0,148:20:1"
1257260127962016,52611,113,4,"0:2:0,167:20:1"
1257260315127240,52671,25,2,"0:2:1,259:18:0,445:16:1,1015089:24:0,1015287:16:1,1015293:24:1,1015563:16:0,1015614:24:0,1015792:24:1,1019298:24:0,1019474:24:1,1022839:24:0,1023007:24:1,1023312:24:0,1023497:24:1,1023504:25:1,1023842:16:0,1080085:24:0,1080290:4:1"
1257260284130803,52711,25,2,"0:2:1,250:18:0,401:16:1,1001772:24:0,1001960:16:1,1001966:24:1,1002218:16:0,1002287:24:0,1002461:24:1,1005891:24:0,1006053:24:1,1008913:24:0,1009097:24:1,1009421:24:0,1009607:24:1,1009614:25:1,1009873:16:0,1282098:24:0,1282262:4:1"
1257343124712118,52721,25,2,"0:2:1,261:18:0,404:16:1,1001199:24:0,1001391:16:1,1001397:24:1,1001715:16:0,1001716:24:0,1001932:24:1,1005682:24:0,1005910:24:1,1010930:24:0,1011141:24:1,1011508:24:0,1011725:24:1,1011733:25:1,1012113:16:0,1029571:24:0,1029720:4:1"
1257343117555628,52797,25,2,"0:2:1,250:18:0,398:16:1,1004564:24:0,1004754:16:1,1004760:24:1,1005004:16:0,1005053:24:0,1005230:24:1,1008654:24:0,1008858:24:1,1011883:24:0,1012030:24:1,1012335:24:0,1012522:24:1,1012529:25:1,1012798:16:0,1071956:24:0,1072118:4:1"
1257336159355789,52869,113,4,"0:2:0,190:20:1"
1257260254287843,52884,113,4,"0:2:0,150:20:1"
1257343166354487,52910,25,2,"0:2:1,249:18:0,394:16:1,1012861:24:0,1013082:16:1,1013088:24:1,1013379:16:0,1013426:24:0,1013605:24:1,1017064:24:0,1017237:24:1,1020608:24:0,1020778:24:1,1021118:24:0,1021344:24:1,1021350:25:1,1021608:16:0,1038278:24:0,1038492:4:1"
1257343074367217,52961,25,2,"0:2:1,241:18:0,388:16:1,998887:24:0,999112:16:1,999117:24:1,999510:16:0,999511:24:0,999733:24:1,1003319:24:0,1003493:24:1,1006558:24:0,1006728:24:1,1007004:24:0,1007187:24:1,1007195:25:1,1007467:16:0,1025751:24:0,1025897:4:1"
1257343051789063,53022,113,4,"0:2:0,151:20:1"
1257263736989535,53059,25,2,"0:2:1,246:18:0,407:16:1,1011813:24:0,1011998:16:1,1012003:24:1,1012245:16:0,1012293:24:0,1012468:24:1,1016006:24:0,1016155:24:1,1019317:24:0,1019490:24:1,1019781:24:0,1019967:24:1,1019974:25:1,1020234:16:0,1038894:24:0,1039045:4:1"
1257263741137478,53079,113,4,"0:2:0,152:20:1"
1257372246088403,53162,113,4,"0:2:0,147:20:1"
1257343116514047,53172,25,2,"0:2:1,250:18:0,437:16:1,1006628:24:0,1006815:16:1,1006821:24:1,1007083:16:0,1007152:24:0,1007328:24:1,1010757:24:0,1010937:24:1,1027333:24:0,1027497:24:1,1030403:24:0,1030604:24:1,1030610:25:1,1030911:16:0,1612622:24:0,1612795:4:1"
1257327265084186,53177,25,2,"0:2:1,246:18:0,393:16:1,1009993:24:0,1010179:16:1,1010185:24:1,1010434:16:0,1010485:24:0,1010659:24:1,1014097:24:0,1014269:24:1,1017159:24:0,1017335:24:1,1017618:24:0,1017829:24:1,1017836:25:1,1018112:16:0,1062828:24:0,1062976:4:1"
1257263774966528,53208,113,4,"0:2:0,150:20:1"
1257343161206934,53215,113,4,"0:2:0,149:20:1"
1257260208740571,53220,113,4,"0:2:0,153:20:1"
1257263729693191,53335,113,4,"0:2:0,159:20:1"
1257343051786564,53408,25,2,"0:2:1,284:18:0,478:16:1,1009837:24:0,1010025:16:1,1010030:24:1,1010281:16:0,1010362:24:0,1010538:24:1,1014077:24:0,1014250:24:1,1017035:24:0,1017212:24:1,1017593:24:0,1017820:24:1,1017828:25:1,1018116:16:0,1031926:24:0,1032076:4:1"
1257260158108653,53437,113,4,"0:2:0,180:20:1"
1257343158132958,53544,25,2,"0:2:1,245:18:0,402:16:1,1002802:24:0,1003047:16:1,1003052:24:1,1003421:16:0,1003423:24:0,1003620:24:1,1007132:24:0,1007312:24:1,1010476:24:0,1010666:24:1,1010956:24:0,1011141:24:1,1011148:25:1,1011420:16:0,1021380:24:0,1021529:4:1"
1257343196147074,53647,113,4,"0:2:0,149:20:1"
1257372235828184,53670,113,4,"0:2:0,151:20:1"
1257336149093690,53723,113,4,"0:2:0,150:20:1"
1257263772900183,53744,113,4,"0:2:0,153:20:1"
1257260307915305,53804,113,4,"0:2:0,152:20:1"
1257327287726171,53825,113,4,"0:2:0,149:20:1"
1257260133398046,53905,113,4,"0:2:0,162:20:1"
1257260284133350,53964,113,4,"0:2:0,156:20:1"
1257343237261445,54011,113,4,"0:2:0,151:20:1"
1257263741110450,54091,25,2,"0:2:1,242:18:0,391:16:1,1037180:24:0,1037367:16:1,1037373:24:1,1037635:16:0,1037699:24:0,1037873:24:1,1041597:24:0,1041833:24:1,1045341:24:0,1045510:24:1,1045814:24:0,1046002:24:1,1046010:25:1,1046285:16:0,1142525:24:0,1142679:4:1"
1257260260425718,54148,113,4,"0:2:0,149:20:1"
1257260259383628,54166,25,2,"0:2:1,501:18:0,682:16:1,1013934:24:0,1014130:16:1,1014136:24:1,1014421:16:0,1014432:24:0,1014643:24:1,1023977:24:0,1024185:24:1,1027535:24:0,1027715:24:1,1027996:24:0,1028182:24:1,1028189:25:1,1028451:16:0,1144345:24:0,1144494:4:1"
1257336153198910,54287,25,2,"0:2:1,250:18:0,398:16:1,1007022:24:0,1007205:16:1,1007211:24:1,1007459:16:0,1007548:24:0,1007722:24:1,1011314:24:0,1011485:24:1,1014923:24:0,1015091:24:1,1015372:24:0,1015569:24:1,1015575:25:1,1015844:16:0,1024726:24:0,1024870:4:1"
1257263781204483,54305,25,2,"0:2:1,410:18:0,599:16:1,1004947:24:0,1005136:16:1,1005143:24:1,1005392:16:0,1005474:24:0,1005652:24:1,1009197:24:0,1009370:24:1,1012584:24:0,1012797:24:1,1013408:24:0,1013595:24:1,1013627:25:1,1014121:16:0,1021382:24:0,1021527:4:1"
1257343131903154,54352,113,4,"0:2:0,149:20:1"
1257327243433833,54355,113,4,"0:2:0,148:20:1"
1257327260956887,54390,25,2,"0:2:1,251:18:0,396:16:1,1007729:24:0,1007922:16:1,1007927:24:1,1008178:16:0,1008232:24:0,1008404:24:1,1011857:24:0,1012038:24:1,1014983:24:0,1015151:24:1,1015462:24:0,1015660:24:1,1015667:25:1,1015929:16:0,1070840:24:0,1070986:4:1"
1257263736992050,54404,113,4,"0:2:0,160:20:1"
1257327261985484,54435,113,4,"0:2:0,148:20:1"
1257336166541230,54623,113,4,"0:2:0,150:20:1"
1257263726555135,54630,25,2,"0:2:1,267:18:0,438:16:1,999056:24:0,999242:16:1,999248:24:1,999495:16:0,999574:24:0,999747:24:1,1003191:24:0,1003370:24:1,1006778:24:0,1007016:24:1,1007458:24:0,1007677:24:1,1007684:25:1,1007942:16:0,1065877:24:0,1066092:4:1"
1257263755660017,54642,113,4,"0:2:0,148:20:1"
1257327203126346,54663,25,2,"0:2:1,244:18:0,392:16:1,1011730:24:0,1011921:16:1,1011927:24:1,1012174:16:0,1012241:24:0,1012411:24:1,1015824:24:0,1015999:24:1,1032682:24:0,1032853:24:1,1033154:24:0,1033350:24:1,1033357:25:1,1033621:16:0,1095847:24:0,1095992:4:1"
1257327253765041,54664,113,4,"0:2:0,149:20:1"
1257260205564728,54699,113,4,"0:2:0,150:20:1"
1257327264053269,54699,113,4,"0:2:0,151:20:1"
1257343203313026,54770,113,4,"0:2:0,150:20:1"
1257260205562191,54810,25,2,"0:2:1,244:18:0,410:16:1,1027539:24:0,1027767:16:1,1027772:24:1,1028014:16:0,1028089:24:0,1028268:24:1,1031796:24:0,1031971:24:1,1035204:24:0,1035358:24:1,1035655:24:0,1035836:24:1,1035843:25:1,1036099:16:0,1083668:24:0,1083814:4:1"
1257372281143355,54933,25,2,"0:2:1,245:18:0,392:16:1,1010204:24:0,1010390:16:1,1010395:24:1,1010648:16:0,1010697:24:0,1010871:24:1,1014337:24:0,1014508:24:1,1017745:24:0,1017920:24:1,1018221:24:0,1018410:24:1,1018416:25:1,1018681:16:0,1044224:24:0,1044371:4:1"
1257372284250482,55042,113,4,"0:2:0,149:20:1"
1257260299677724,55095,25,2,"0:2:1,509:18:0,705:16:1,1052186:24:0,1052375:16:1,1052380:24:1,1052631:16:0,1052708:24:0,1052885:24:1,1056562:24:0,1056769:24:1,1059693:24:0,1059864:24:1,1060158:24:0,1060349:24:1,1060356:25:1,1060622:16:0,1154479:24:0,1154654:4:1"
1257260281055106,55199,113,4,"0:2:0,194:20:1"
1257260199962459,55286,113,4,"0:2:0,178:20:1"
1257260271810211,55293,25,2,"0:2:1,252:18:0,429:16:1,1012427:24:0,1012613:16:1,1012618:24:1,1012866:16:0,1014682:24:0,1014882:24:1,1018476:24:0,1018645:24:1,1021545:24:0,1021719:24:1,1022012:24:0,1022201:24:1,1022208:25:1,1022473:16:0,1299669:24:0,1299875:4:1"
1257343069228485,55454,25,2,"0:2:1,500:18:0,722:16:1,1012283:24:0,1012477:16:1,1012483:24:1,1012727:16:0,1012797:24:0,1012973:24:1,1016460:24:0,1016637:24:1,1019302:24:0,1019471:24:1,1019755:24:0,1019943:24:1,1019950:25:1,1020211:16:0,1039516:24:0,1039685:4:1"
1257327235169952,55536,113,4,"0:2:0,187:20:1"
1257260184494740,55615,25,2,"0:2:1,271:18:0,414:16:1,1011944:24:0,1012160:16:1,1012166:24:1,1012435:16:0,1012522:24:0,1012698:24:1,1016162:24:0,1016375:24:1,1019385:24:0,1019586:24:1,1019888:24:0,1020103:24:1,1020110:25:1,1020455:16:0,1302790:24:0,1302994:4:1"
1257343162228277,55740,25,2,"0:2:1,267:18:0,418:16:1,1017716:24:0,1017941:16:1,1017949:24:1,1022787:16:0,1022850:24:0,1023052:24:1,1028729:24:0,1028939:24:1,1032388:24:0,1032535:24:1,1032820:24:0,1033012:24:1,1033018:25:1,1033293:16:0,1043111:24:0,1043258:4:1"
1257336174709868,55778,25,2,"0:2:1,246:18:0,392:16:1,1003085:24:0,1003274:16:1,1003281:24:1,1003528:16:0,1003593:24:0,1003770:24:1,1007241:24:0,1007421:24:1,1010767:24:0,1010913:24:1,1011194:24:0,1011386:24:1,1011393:25:1,1011660:16:0,1029771:24:0,1029920:4:1"
1257343190002374,55836,113,4,"0:2:0,148:20:1"
1257343075387827,55848,113,4,"0:2:0,147:20:1"
1257327233068437,55922,25,2,"0:2:1,273:18:0,430:16:1,1021105:24:0,1021324:16:1,1021354:24:1,1021606:16:0,1021819:24:0,1022048:24:1,1025698:24:0,1025867:24:1,1028967:24:0,1029145:24:1,1029435:24:0,1029626:24:1,1029633:25:1,1029897:16:0,1057699:24:0,1057846:4:1"
1257260120465769,55951,113,4,"0:2:0,191:20:1"
1257372280112310,56018,113,4,"0:2:0,150:20:1"
1257263827605078,56148,113,4,"0:2:0,152:20:1"
1257343165323399,56212,25,2,"0:2:1,882:18:0,1207:16:1,1012608:24:0,1012837:16:1,1012843:24:1,1013212:16:0,1013214:24:0,1013410:24:1,1016800:24:0,1016977:24:1,1019961:24:0,1020107:24:1,1020407:24:0,1020557:24:1,1020587:25:1,1020853:16:0,1030188:24:0,1030331:4:1"
1257260206611596,56372,25,2,"0:2:1,242:18:0,396:16:1,1015568:24:0,1015752:16:1,1015758:24:1,1016082:16:0,1016083:24:0,1016301:24:1,1026745:24:0,1026927:24:1,1030240:24:0,1030465:24:1,1031010:24:0,1031182:24:1,1031210:25:1,1031479:16:0,1348680:24:0,1348842:4:1"
1257343154025222,56503,113,4,"0:2:0,169:20:1"
1257343214624680,56517,113,4,"0:2:0,160:20:1"
1257263729662107,56583,25,2,"0:2:1,254:18:0,401:16:1,1044586:24:0,1044780:16:1,1044785:24:1,1045129:16:0,1049496:24:0,1049704:24:1,1061143:24:0,1061386:24:1,1068524:24:0,1068766:24:1,1069076:24:0,1069266:24:1,1069273:25:1,1069541:16:0,1202744:24:0,1202890:4:1"
1257260119430638,56622,25,2,"0:2:1,252:18:0,414:16:1,1004803:24:0,1004991:16:1,1004996:24:1,1005236:16:0,1005288:24:0,1005470:24:1,1013528:24:0,1013701:24:1,1016517:24:0,1016691:24:1,1016977:24:0,1017171:24:1,1017178:25:1,1017433:16:0,1075484:24:0,1075632:4:1"
1257263726557634,56645,113,4,"0:2:0,196:20:1"
1257327209307601,56652,25,2,"0:2:1,243:18:0,391:16:1,1014518:24:0,1014705:16:1,1014710:24:1,1014960:16:0,1015041:24:0,1015218:24:1,1018648:24:0,1018823:24:1,1021500:24:0,1021648:24:1,1021945:24:0,1022134:24:1,1022144:25:1,1022408:16:0,1077511:24:0,1077655:4:1"
1257263788467231,56768,25,2,"0:2:1,253:18:0,401:16:1,1006918:24:0,1007094:16:1,1007100:24:1,1007361:16:0,1007391:24:0,1007570:24:1,1011058:24:0,1011264:24:1,1016241:24:0,1016558:24:1,1016855:24:0,1017039:24:1,1017045:25:1,1017303:16:0,1087492:24:0,1087639:4:1"
1257263757773840,56806,113,4,"0:2:0,175:20:1"
1257327260959253,56872,113,4,"0:2:0,148:20:1"
1257260132296444,56915,25,2,"0:2:1,247:18:0,394:16:1,1005225:24:0,1005415:16:1,1005420:24:1,1005669:16:0,1005754:24:0,1005925:24:1,1009517:24:0,1009697:24:1,1048283:16:0,1081002:24:0,1081242:24:1,1081594:16:0,1081621:24:0,1081831:24:1,1081838:25:1,1082115:16:0,1164895:24:0,1165058:4:1"
1257343211531905,57022,113,4,"0:2:0,148:20:1"
1257263787382200,57082,25,2,"0:2:1,237:18:0,422:16:1,1058157:24:0,1058343:16:1,1058347:24:1,1058593:16:0,1058645:24:0,1058819:24:1,1062310:24:0,1062522:24:1,1065351:24:0,1065496:24:1,1065774:24:0,1065962:24:1,1065969:25:1,1066237:16:0,1121452:24:0,1121598:4:1"
1257343207430718,57111,113,4,"0:2:0,151:20:1"
1257263786358722,57306,113,4,"0:2:0,152:20:1"
1257260119433082,57361,113,4,"0:2:0,148:20:1"
1257343199209053,57372,113,4,"0:2:0,147:20:1"
1257263817330472,57374,113,4,"0:2:0,214:20:1"
1257343166358861,57383,113,4,"0:2:0,150:20:1"
1257260254285451,57409,25,2,"0:2:1,274:18:0,424:16:1,1000779:24:0,1000969:16:1,1000974:24:1,1001226:16:0,1001293:24:0,1001465:24:1,1004993:24:0,1005195:24:1,1008330:24:0,1008498:24:1,1008795:24:0,1008987:24:1,1008993:25:1,1009253:16:0,1019817:24:0,1019963:4:1"
1257336149091293,57446,25,2,"0:2:1,247:18:0,394:16:1,1004424:24:0,1004608:16:1,1004613:24:1,1004864:16:0,1004914:24:0,1005090:24:1,1008614:24:0,1008787:24:1,1011498:24:0,1011667:24:1,1011989:24:0,1012137:24:1,1012171:25:1,1012433:16:0,1029078:24:0,1029227:4:1"
1257263784307549,57540,25,2,"0:2:1,405:18:0,690:16:1,1006423:24:0,1006609:16:1,1006615:24:1,1006880:16:0,1006956:24:0,1007136:24:1,1010607:24:0,1010780:24:1,1013655:24:0,1013841:24:1,1014185:24:0,1014421:24:1,1014429:25:1,1014688:16:0,1066643:24:0,1066782:4:1"
1257327209310098,57585,113,4,"0:2:0,150:20:1"
1257343067178810,57621,25,2,"0:2:1,253:18:0,398:16:1,1003516:24:0,1003705:16:1,1003710:24:1,1003957:16:0,1004003:24:0,1004177:24:1,1007647:24:0,1007827:24:1,1011401:24:0,1011616:24:1,1011945:24:0,1012130:24:1,1012138:25:1,1012412:16:0,1075769:24:0,1075915:4:1"
1257343125737387,57809,113,4,"0:2:0,187:20:1"
1257260269753432,57885,25,2,"0:2:1,308:18:0,493:16:1,1005790:24:0,1005979:16:1,1005984:24:1,1006240:16:0,1006310:24:0,1006485:24:1,1010088:24:0,1010325:24:1,1013186:24:0,1013363:24:1,1013665:24:0,1013864:24:1,1013871:25:1,1014131:16:0,1025329:24:0,1025532:4:1"
1257372254289254,57941,113,4,"0:2:0,175:20:1"
1257260206613872,57942,113,4,"0:2:0,187:20:1"
1257260220129290,57951,113,4,"0:2:0,154:20:1"
1257343182754541,57977,113,4,"0:2:0,179:20:1"
1257343202277402,57994,25,2,"0:2:1,257:18:0,424:16:1,1013643:24:0,1013872:16:1,1013878:24:1,1014258:16:0,1014259:24:0,1014469:24:1,1017944:24:0,1018112:24:1,1021240:24:0,1021403:24:1,1021681:24:0,1021830:24:1,1021858:25:1,1022125:16:0,1040811:24:0,1040956:4:1"
1257327229850103,58014,113,4,"0:2:0,150:20:1"
1257343131900733,58066,25,2,"0:2:1,252:18:0,418:16:1,1001270:24:0,1001455:16:1,1001461:24:1,1001714:16:0,1001783:24:0,1001956:24:1,1005420:24:0,1005590:24:1,1008907:24:0,1009057:24:1,1009364:24:0,1009556:24:1,1009563:25:1,1009892:16:0,1021979:24:0,1022121:4:1"
1257336157293312,58084,25,2,"0:2:1,247:18:0,393:16:1,1015300:24:0,1015494:16:1,1015499:24:1,1015754:16:0,1015821:24:0,1016004:24:1,1019483:24:0,1019666:24:1,1022289:24:0,1022466:24:1,1022762:24:0,1022952:24:1,1022959:25:1,1023227:16:0,1039329:24:0,1039473:4:1"
1257260230435339,58112,25,2,"0:2:1,248:18:0,400:16:1,1001062:24:0,1001252:16:1,1001257:24:1,1001505:16:0,1001558:24:0,1001735:24:1,1005174:24:0,1005355:24:1,1008368:24:0,1008561:24:1,1008909:24:0,1009097:24:1,1009104:25:1,1009361:16:0,1024281:24:0,1024429:4:1"
1257260209769859,58162,113,4,"0:2:0,157:20:1"
1257343196144674,58243,25,2,"0:2:1,249:18:0,396:16:1,1002813:24:0,1003005:16:1,1003011:24:1,1003264:16:0,1003319:24:0,1003498:24:1,1006988:24:0,1007164:24:1,1010061:24:0,1010236:24:1,1010552:24:0,1010736:24:1,1010743:25:1,1011019:16:0,1020822:24:0,1021017:4:1"
1257263791549947,58400,25,2,"0:2:1,441:18:0,620:16:1,1009975:24:0,1010173:16:1,1010177:24:1,1010431:16:0,1010499:24:0,1010690:24:1,1014162:24:0,1014334:24:1,1017613:24:0,1017803:24:1,1018219:24:0,1018455:24:1,1018462:25:1,1018820:16:0,1027013:24:0,1027159:4:1"
1257327266112805,58487,25,2,"0:2:1,244:18:0,390:16:1,1012690:24:0,1012876:16:1,1012882:24:1,1013132:16:0,1013200:24:0,1013377:24:1,1016848:24:0,1017018:24:1,1020267:24:0,1020437:24:1,1020741:24:0,1020931:24:1,1020938:25:1,1021207:16:0,1102595:24:0,1102741:4:1"
1257327287723787,58527,25,2,"0:2:1,249:18:0,397:16:1,1010387:24:0,1010579:16:1,1010585:24:1,1010843:16:0,1010929:24:0,1011102:24:1,1014580:24:0,1014754:24:1,1017756:24:0,1017932:24:1,1018213:24:0,1018399:24:1,1018406:25:1,1018677:16:0,1040345:24:0,1040492:4:1"
1257343059999193,58642,25,2,"0:2:1,251:18:0,396:16:1,1002289:24:0,1002465:16:1,1002471:24:1,1002725:16:0,1002799:24:0,1002969:24:1,1006538:24:0,1006715:24:1,1009728:24:0,1009892:24:1,1010193:24:0,1010382:24:1,1010389:25:1,1010658:16:0,1022016:24:0,1022162:4:1"
1257260184497478,58682,113,4,"0:2:0,186:20:1"
1257343052817566,58719,113,4,"0:2:0,151:20:1"
1257260131064470,58806,25,2,"0:2:1,506:18:0,695:16:1,1019199:24:0,1019439:16:1,1019446:24:1,1019859:16:0,1019931:24:0,1020153:24:1,1028943:24:0,1029184:24:1,1067073:16:0,1192160:24:0,1192398:24:1,1192721:16:0,1192780:24:0,1192990:24:1,1192997:25:1,1193313:16:0,1371519:24:0,1371707:4:1"
1257263782229294,58815,25,2,"0:2:1,477:18:0,680:16:1,1010197:24:0,1010386:16:1,1010393:24:1,1010637:16:0,1010732:24:0,1010908:24:1,1014457:24:0,1014641:24:1,1018000:24:0,1018172:24:1,1018461:24:0,1018688:24:1,1018694:25:1,1019072:16:0,1028813:24:0,1028958:4:1"
1257343155047028,58830,113,4,"0:2:0,186:20:1"
1257343224985651,58837,25,2,"0:2:1,269:18:0,417:16:1,1003235:24:0,1003422:16:1,1003428:24:1,1003679:16:0,1003753:24:0,1003925:24:1,1007401:24:0,1007579:24:1,1010331:24:0,1010498:24:1,1010780:24:0,1010970:24:1,1010977:25:1,1011247:16:0,1022824:24:0,1022965:4:1"
1257343063062937,58851,113,4,"0:2:0,147:20:1"
1257327242395424,58853,25,2,"0:2:1,247:18:0,395:16:1,1014540:24:0,1014730:16:1,1014734:24:1,1014982:16:0,1015031:24:0,1015208:24:1,1018654:24:0,1018826:24:1,1021820:24:0,1021993:24:1,1022271:24:0,1022457:24:1,1022464:25:1,1022731:16:0,1085013:24:0,1085171:4:1"
1257336144994284,58856,113,4,"0:2:0,151:20:1"
1257260209767615,58929,25,2,"0:2:1,231:18:0,377:16:1,1019044:24:0,1019241:16:1,1019247:24:1,1019496:16:0,1019563:24:0,1019734:24:1,1023319:24:0,1023538:24:1,1026558:24:0,1026767:24:1,1027421:24:0,1027700:24:1,1027702:25:1,1028328:16:0,1132662:24:0,1132879:4:1"
1257263827602666,59051,25,2,"0:2:1,245:18:0,395:16:1,1013372:24:0,1013568:16:1,1013573:24:1,1013812:16:0,1013883:24:0,1014058:24:1,1017503:24:0,1017712:24:1,1020614:24:0,1020781:24:1,1021078:24:0,1021267:24:1,1021273:25:1,1021540:16:0,1045612:24:0,1045817:4:1"
1257260239744089,59064,25,2,"0:2:1,251:18:0,400:16:1,1019935:24:0,1020182:16:1,1020188:24:1,1020683:16:0,1020746:24:0,1020974:24:1,1024564:24:0,1024744:24:1,1028047:24:0,1028212:24:1,1028505:24:0,1028700:24:1,1028706:25:1,1028965:16:0,1047417:24:0,1047563:4:1"
1257343052815103,59075,25,2,"0:2:1,262:18:0,433:16:1,1009592:24:0,1009782:16:1,1009787:24:1,1010037:16:0,1010087:24:0,1010270:24:1,1013743:24:0,1013921:24:1,1016573:24:0,1016743:24:1,1017047:24:0,1017232:24:1,1017239:25:1,1017504:16:0,1029867:24:0,1030081:4:1"
1257372271857275,59116,25,2,"0:2:1,514:18:0,725:16:1,1003326:24:0,1003514:16:1,1003519:24:1,1003777:16:0,1003851:24:0,1004027:24:1,1007547:24:0,1007697:24:1,1010840:24:0,1011007:24:1,1011309:24:0,1011456:24:1,1011488:25:1,1011756:16:0,1025405:24:0,1025552:4:1"
1257263747359319,59169,25,2,"0:2:1,243:18:0,390:16:1,1007979:24:0,1008165:16:1,1008171:24:1,1008423:16:0,1008499:24:0,1008683:24:1,1012296:24:0,1012496:24:1,1015696:24:0,1015903:24:1,1016210:24:0,1016362:24:1,1016394:25:1,1016658:16:0,1033366:24:0,1033510:4:1"
1257336159352885,59269,25,2,"0:2:1,428:18:0,601:16:1,1005212:24:0,1005656:16:0,1005734:24:0,1009312:24:0,1011395:16:1,1011401:24:1,1011910:24:1,1012548:24:0,1013016:24:0,1013502:16:0,1015494:24:1,1018714:24:1,1019211:24:1,1019221:25:1,1031342:24:0,1037491:4:1"
1257260114289070,59398,25,2,"0:2:1,271:18:0,422:16:1,1011726:24:0,1011911:16:1,1011917:24:1,1012161:16:0,1012215:24:0,1012389:24:1,1015866:24:0,1016038:24:1,1021533:24:0,1021706:24:1,1021997:24:0,1022190:24:1,1022197:25:1,1022462:16:0,1067071:24:0,1067218:4:1"
1257343199206717,59433,25,2,"0:2:1,246:18:0,393:16:1,1000907:24:0,1001104:16:1,1001109:24:1,1001369:16:0,1001436:24:0,1001612:24:1,1005104:24:0,1005276:24:1,1008129:24:0,1008275:24:1,1008555:24:0,1008735:24:1,1008741:25:1,1009013:16:0,1022152:24:0,1022333:4:1"
1257372269782563,59460,113,4,"0:2:0,149:20:1"
1257260253267206,59543,113,4,"0:2:0,182:20:1"
1257343213596243,59557,113,4,"0:2:0,161:20:1"
1257263828637543,59583,113,4,"0:2:0,150:20:1"
1257372250180620,59631,113,4,"0:2:0,150:20:1"
1257260251226987,59708,113,4,"0:2:0,148:20:1"
1257343088806579,59727,25,2,"0:2:1,301:18:0,483:16:1,1002892:24:0,1003081:16:1,1003087:24:1,1003337:16:0,1003416:24:0,1003594:24:1,1007085:24:0,1007266:24:1,1010429:24:0,1010575:24:1,1010856:24:0,1011045:24:1,1011052:25:1,1011325:16:0,1025887:24:0,1026069:4:1"
1257260168020504,59734,25,2,"0:2:1,499:18:0,696:16:1,1007255:24:0,1007440:16:1,1007445:24:1,1007692:16:0,1007764:24:0,1007934:24:1,1011457:24:0,1011680:24:1,1014614:24:0,1014790:24:1,1015087:24:0,1015280:24:1,1015286:25:1,1015542:16:0,1071213:24:0,1071361:4:1"
1257343220758544,59740,113,4,"0:2:0,150:20:1"
1257343240364718,59759,25,2,"0:2:1,259:18:0,406:16:1,1008046:24:0,1008252:16:1,1008257:24:1,1008527:16:0,1008605:24:0,1008780:24:1,1012277:24:0,1012456:24:1,1015653:24:0,1015844:24:1,1016213:24:0,1016388:24:1,1016419:25:1,1016824:16:0,1033433:24:0,1033604:4:1"
1257260137549255,59762,113,4,"0:2:0,152:20:1"
1257263738022766,59790,113,4,"0:2:0,145:20:1"
1257260281052730,59916,25,2,"0:2:1,241:18:0,390:16:1,1014513:24:0,1014745:16:1,1014751:24:1,1015255:16:0,1015329:24:0,1015546:24:1,1019190:24:0,1019399:24:1,1022424:24:0,1022595:24:1,1022902:24:0,1023086:24:1,1023094:25:1,1023375:16:0,4349568:24:0,4349752:4:1"
1257372243027157,60033,25,2,"0:2:1,251:18:0,396:16:1,1002043:24:0,1002231:16:1,1002237:24:1,1002489:16:0,1002539:24:0,1002713:24:1,1006154:24:0,1006335:24:1,1009634:24:0,1009802:24:1,1010111:24:0,1010293:24:1,1010300:25:1,1010564:16:0,1019903:24:0,1020051:4:1"
1257263774957925,60037,25,2,"0:2:1,242:18:0,392:16:1,1031210:24:0,1031396:16:1,1031404:24:1,1031689:16:0,1031765:24:0,1031939:24:1,1035634:24:0,1035841:24:1,1039106:24:0,1039276:24:1,1039582:24:0,1039763:24:1,1039770:25:1,1040041:16:0,1098267:24:0,1098416:4:1"
1257263798732184,60136,113,4,"0:2:0,208:20:1"
1257327207250613,60204,113,4,"0:2:0,151:20:1"
1257327233070895,60246,113,4,"0:2:0,159:20:1"
1257260171106391,60330,113,4,"0:2:0,161:20:1"
1257260224265610,60374,25,2,"0:2:1,244:18:0,392:16:1,1013622:24:0,1013807:16:1,1013812:24:1,1014067:16:0,1014131:24:0,1014304:24:1,1017709:24:0,1017885:24:1,1025064:24:0,1025211:24:1,1025490:24:0,1025689:24:1,1025696:25:1,1025953:16:0,1116738:24:0,1116899:4:1"
1257372284248112,60480,25,2,"0:2:1,245:18:0,392:16:1,1003081:24:0,1003275:16:1,1003281:24:1,1003531:16:0,1003597:24:0,1003772:24:1,1007220:24:0,1007425:24:1,1039032:24:0,1039207:24:1,1039504:24:0,1039699:24:1,1039706:25:1,1039976:16:0,1093282:24:0,1093438:4:1"
1257327283606570,60490,113,4,"0:2:0,148:20:1"
1257372260438519,60566,25,2,"0:2:1,246:18:0,392:16:1,1001517:24:0,1001703:16:1,1001708:24:1,1001958:16:0,1002031:24:0,1002209:24:1,1005667:24:0,1005838:24:1,1008772:24:0,1008973:24:1,1009336:24:0,1009570:24:1,1009577:25:1,1009875:16:0,3106743:24:0,3106933:4:1"
1257343182752102,60716,25,2,"0:2:1,249:18:0,396:16:1,1004737:24:0,1004923:16:1,1004928:24:1,1005182:16:0,1005260:24:0,1005439:24:1,1008929:24:0,1009112:24:1,1012086:24:0,1012297:24:1,1012629:24:0,1012851:24:1,1012858:25:1,1013132:16:0,1022344:24:0,1022503:4:1"
1257260285154026,60765,113,4,"0:2:0,149:20:1"
1257260140610768,60929,113,4,"0:2:0,151:20:1"
1257260258363505,60931,113,4,"0:2:0,152:20:1"
1257260118405226,60946,113,4,"0:2:0,202:20:1"
